INSERT INTO CATEGORIES (CAT, SUBCAT, SUBCATNAME, CATNAMESHORT, CATNAMELONG) VALUES (1,11,'Agriculture AND Food AND Textiles','Chemical','Chemical');
INSERT INTO CATEGORIES (CAT, SUBCAT, SUBCATNAME, CATNAMESHORT, CATNAMELONG) VALUES (1,12,'Coating','Chemical','Chemical');
INSERT INTO CATEGORIES (CAT, SUBCAT, SUBCATNAME, CATNAMESHORT, CATNAMELONG) VALUES (1,13,'Gas','Chemical','Chemical');
INSERT INTO CATEGORIES (CAT, SUBCAT, SUBCATNAME, CATNAMESHORT, CATNAMELONG) VALUES (1,14,'Organic Compounds','Chemical','Chemical');
INSERT INTO CATEGORIES (CAT, SUBCAT, SUBCATNAME, CATNAMESHORT, CATNAMELONG) VALUES (1,15,'Resins','Chemical','Chemical');
INSERT INTO CATEGORIES (CAT, SUBCAT, SUBCATNAME, CATNAMESHORT, CATNAMELONG) VALUES (1,19,'Miscellaneous-chemical','Chemical','Chemical');
INSERT INTO CATEGORIES (CAT, SUBCAT, SUBCATNAME, CATNAMESHORT, CATNAMELONG) VALUES (2,21,'Communications','CmpANDCmm','Computers AND Communications');
INSERT INTO CATEGORIES (CAT, SUBCAT, SUBCATNAME, CATNAMESHORT, CATNAMELONG) VALUES (2,22,'Computer Hardware AND Software','CmpANDCmm','Computers AND Communications');
INSERT INTO CATEGORIES (CAT, SUBCAT, SUBCATNAME, CATNAMESHORT, CATNAMELONG) VALUES (2,23,'Computer Peripherials','CmpANDCmm','Computers AND Communications');
INSERT INTO CATEGORIES (CAT, SUBCAT, SUBCATNAME, CATNAMESHORT, CATNAMELONG) VALUES (2,24,'Information Storage','CmpANDCmm','Computers AND Communications');
INSERT INTO CATEGORIES (CAT, SUBCAT, SUBCATNAME, CATNAMESHORT, CATNAMELONG) VALUES (3,31,'Drugs','DrgsANDMed','Drugs AND Medical');
INSERT INTO CATEGORIES (CAT, SUBCAT, SUBCATNAME, CATNAMESHORT, CATNAMELONG) VALUES (3,32,'Surgery AND Med Inst.','DrgsANDMed','Drugs AND Medical');
INSERT INTO CATEGORIES (CAT, SUBCAT, SUBCATNAME, CATNAMESHORT, CATNAMELONG) VALUES (3,33,'Biotechnology','DrgsANDMed','Drugs AND Medical');
INSERT INTO CATEGORIES (CAT, SUBCAT, SUBCATNAME, CATNAMESHORT, CATNAMELONG) VALUES (3,39,'Miscellaneous-DrgsANDMed','DrgsANDMed','Drugs AND Medical');
INSERT INTO CATEGORIES (CAT, SUBCAT, SUBCATNAME, CATNAMESHORT, CATNAMELONG) VALUES (4,41,'Electrical Devices','Elec','Electrical AND Electronic');
INSERT INTO CATEGORIES (CAT, SUBCAT, SUBCATNAME, CATNAMESHORT, CATNAMELONG) VALUES (4,42,'Electrical Lighting','Elec','Electrical AND Electronic');
INSERT INTO CATEGORIES (CAT, SUBCAT, SUBCATNAME, CATNAMESHORT, CATNAMELONG) VALUES (4,43,'Measuring AND Testing','Elec','Electrical AND Electronic');
INSERT INTO CATEGORIES (CAT, SUBCAT, SUBCATNAME, CATNAMESHORT, CATNAMELONG) VALUES (4,44,'Nuclear AND X-rays','Elec','Electrical AND Electronic');
INSERT INTO CATEGORIES (CAT, SUBCAT, SUBCATNAME, CATNAMESHORT, CATNAMELONG) VALUES (4,45,'Power Systems','Elec','Electrical AND Electronic');
INSERT INTO CATEGORIES (CAT, SUBCAT, SUBCATNAME, CATNAMESHORT, CATNAMELONG) VALUES (4,46,'Semiconductor Devices','Elec','Electrical AND Electronic');
INSERT INTO CATEGORIES (CAT, SUBCAT, SUBCATNAME, CATNAMESHORT, CATNAMELONG) VALUES (4,49,'Miscellaneous-Elec','Elec','Electrical AND Electronic');
INSERT INTO CATEGORIES (CAT, SUBCAT, SUBCATNAME, CATNAMESHORT, CATNAMELONG) VALUES (5,51,'Mat. Proc AND Handling','Mech','Mechanical');
INSERT INTO CATEGORIES (CAT, SUBCAT, SUBCATNAME, CATNAMESHORT, CATNAMELONG) VALUES (5,52,'Metal Working','Mech','Mechanical');
INSERT INTO CATEGORIES (CAT, SUBCAT, SUBCATNAME, CATNAMESHORT, CATNAMELONG) VALUES (5,53,'Motors AND Engines + Parts','Mech','Mechanical');
INSERT INTO CATEGORIES (CAT, SUBCAT, SUBCATNAME, CATNAMESHORT, CATNAMELONG) VALUES (5,54,'Optics','Mech','Mechanical');
INSERT INTO CATEGORIES (CAT, SUBCAT, SUBCATNAME, CATNAMESHORT, CATNAMELONG) VALUES (5,55,'Transportation','Mech','Mechanical');
INSERT INTO CATEGORIES (CAT, SUBCAT, SUBCATNAME, CATNAMESHORT, CATNAMELONG) VALUES (5,59,'Miscellaneous-Mechanical','Mech','Mechanical');
INSERT INTO CATEGORIES (CAT, SUBCAT, SUBCATNAME, CATNAMESHORT, CATNAMELONG) VALUES (6,61,'Agriculture AND Husbandry AND Food','Others','Others');
INSERT INTO CATEGORIES (CAT, SUBCAT, SUBCATNAME, CATNAMESHORT, CATNAMELONG) VALUES (6,62,'Amusement Devices','Others','Others');
INSERT INTO CATEGORIES (CAT, SUBCAT, SUBCATNAME, CATNAMESHORT, CATNAMELONG) VALUES (6,63,'Apparel AND Textile','Others','Others');
INSERT INTO CATEGORIES (CAT, SUBCAT, SUBCATNAME, CATNAMESHORT, CATNAMELONG) VALUES (6,64,'Earth Working AND Wells','Others','Others');
INSERT INTO CATEGORIES (CAT, SUBCAT, SUBCATNAME, CATNAMESHORT, CATNAMELONG) VALUES (6,65,'Furniture AND House Fixtures','Others','Others');
INSERT INTO CATEGORIES (CAT, SUBCAT, SUBCATNAME, CATNAMESHORT, CATNAMELONG) VALUES (6,66,'Heating','Others','Others');
INSERT INTO CATEGORIES (CAT, SUBCAT, SUBCATNAME, CATNAMESHORT, CATNAMELONG) VALUES (6,67,'Pipes AND Joints','Others','Others');
INSERT INTO CATEGORIES (CAT, SUBCAT, SUBCATNAME, CATNAMESHORT, CATNAMELONG) VALUES (6,68,'Receptacles','Others','Others');
INSERT INTO CATEGORIES (CAT, SUBCAT, SUBCATNAME, CATNAMESHORT, CATNAMELONG) VALUES (6,69,'Miscellaneous-Others','Others','Others');

INSERT INTO CITATIONS(CITING, CITED) values (3861550,4169648);
INSERT INTO CITATIONS(CITING, CITED) values (3861550,3863202);
INSERT INTO CITATIONS(CITING, CITED) values (3861550,3873527);
INSERT INTO CITATIONS(CITING, CITED) values (3861550,3892525);
INSERT INTO CITATIONS(CITING, CITED) values (3861550,3911523);
INSERT INTO CITATIONS(CITING, CITED) values (3861550,3914414);
INSERT INTO CITATIONS(CITING, CITED) values (3861550,3934238);
INSERT INTO CITATIONS(CITING, CITED) values (3861550,3982146);
INSERT INTO CITATIONS(CITING, CITED) values (3861550,4012708);
INSERT INTO CITATIONS(CITING, CITED) values (3863202,4021794);
INSERT INTO CITATIONS(CITING, CITED) values (3863202,4029228);
INSERT INTO CITATIONS(CITING, CITED) values (3863202,4044096);
INSERT INTO CITATIONS(CITING, CITED) values (3863202,4048226);
INSERT INTO CITATIONS(CITING, CITED) values (3863202,4063094);
INSERT INTO CITATIONS(CITING, CITED) values (3863202,4064333);
INSERT INTO CITATIONS(CITING, CITED) values (3873527,4081266);
INSERT INTO CITATIONS(CITING, CITED) values (3873527,4115545);
INSERT INTO CITATIONS(CITING, CITED) values (3873527,4138673);
INSERT INTO CITATIONS(CITING, CITED) values (3873527,3861550);
INSERT INTO CITATIONS(CITING, CITED) values (3892525,3863202);
INSERT INTO CITATIONS(CITING, CITED) values (3892525,3873527);
INSERT INTO CITATIONS(CITING, CITED) values (3911523,3892525);
INSERT INTO CITATIONS(CITING, CITED) values (3911523,3911523);
INSERT INTO CITATIONS(CITING, CITED) values (3914414,3914414);
INSERT INTO CITATIONS(CITING, CITED) values (3914414,3934238);
INSERT INTO CITATIONS(CITING, CITED) values (3934238,3982146);
INSERT INTO CITATIONS(CITING, CITED) values (3934238,4012708);
INSERT INTO CITATIONS(CITING, CITED) values (3934238,4021794);
INSERT INTO CITATIONS(CITING, CITED) values (3934238,4029228);
INSERT INTO CITATIONS(CITING, CITED) values (3934238,4044096);
INSERT INTO CITATIONS(CITING, CITED) values (3934238,4048226);
INSERT INTO CITATIONS(CITING, CITED) values (3934238,4063094);
INSERT INTO CITATIONS(CITING, CITED) values (3982146,4064333);
INSERT INTO CITATIONS(CITING, CITED) values (3982146,4081266);
INSERT INTO CITATIONS(CITING, CITED) values (3982146,4115545);
INSERT INTO CITATIONS(CITING, CITED) values (3982146,4138673);
INSERT INTO CITATIONS(CITING, CITED) values (3982146,4169648);
INSERT INTO CITATIONS(CITING, CITED) values (3982146,4210948);
INSERT INTO CITATIONS(CITING, CITED) values (3982146,4226642);
INSERT INTO CITATIONS(CITING, CITED) values (3982146,4247705);
INSERT INTO CITATIONS(CITING, CITED) values (3982146,4253900);
INSERT INTO CITATIONS(CITING, CITED) values (4012708,4262986);
INSERT INTO CITATIONS(CITING, CITED) values (4012708,4275789);
INSERT INTO CITATIONS(CITING, CITED) values (4021794,4288592);
INSERT INTO CITATIONS(CITING, CITED) values (4021794,4300982);
INSERT INTO CITATIONS(CITING, CITED) values (4021794,4305938);
INSERT INTO CITATIONS(CITING, CITED) values (4021794,4324110);
INSERT INTO CITATIONS(CITING, CITED) values (4021794,4349303);
INSERT INTO CITATIONS(CITING, CITED) values (4021794,4403819);
INSERT INTO CITATIONS(CITING, CITED) values (4021794,4405058);
INSERT INTO CITATIONS(CITING, CITED) values (4029228,4412079);
INSERT INTO CITATIONS(CITING, CITED) values (4029228,4424056);
INSERT INTO CITATIONS(CITING, CITED) values (4029228,4448010);
INSERT INTO CITATIONS(CITING, CITED) values (4029228,4453792);
INSERT INTO CITATIONS(CITING, CITED) values (4029228,4454618);
INSERT INTO CITATIONS(CITING, CITED) values (4029228,4463291);
INSERT INTO CITATIONS(CITING, CITED) values (4567780,4169648);
INSERT INTO CITATIONS(CITING, CITED) values (4567780,3863202);
INSERT INTO CITATIONS(CITING, CITED) values (4573562,3873527);
INSERT INTO CITATIONS(CITING, CITED) values (4573562,3892525);
INSERT INTO CITATIONS(CITING, CITED) values (4573562,3911523);
INSERT INTO CITATIONS(CITING, CITED) values (4573562,3914414);
INSERT INTO CITATIONS(CITING, CITED) values (4573562,3934238);
INSERT INTO CITATIONS(CITING, CITED) values (4579757,3982146);
INSERT INTO CITATIONS(CITING, CITED) values (4579757,4012708);
INSERT INTO CITATIONS(CITING, CITED) values (4579757,4021794);
INSERT INTO CITATIONS(CITING, CITED) values (4603298,4029228);
INSERT INTO CITATIONS(CITING, CITED) values (4603298,4044096);
INSERT INTO CITATIONS(CITING, CITED) values (4603298,4048226);
INSERT INTO CITATIONS(CITING, CITED) values (4603298,4063094);
INSERT INTO CITATIONS(CITING, CITED) values (4633447,4064333);
INSERT INTO CITATIONS(CITING, CITED) values (4633447,4081266);
INSERT INTO CITATIONS(CITING, CITED) values (4642946,4115545);
INSERT INTO CITATIONS(CITING, CITED) values (4642946,4138673);
INSERT INTO CITATIONS(CITING, CITED) values (4642946,3861550);
INSERT INTO CITATIONS(CITING, CITED) values (4642946,3863202);
INSERT INTO CITATIONS(CITING, CITED) values (4642946,3873527);
INSERT INTO CITATIONS(CITING, CITED) values (4642946,3892525);
INSERT INTO CITATIONS(CITING, CITED) values (4642946,3911523);
INSERT INTO CITATIONS(CITING, CITED) values (4642946,3914414);
INSERT INTO CITATIONS(CITING, CITED) values (4642946,3934238);
INSERT INTO CITATIONS(CITING, CITED) values (4642946,3982146);
INSERT INTO CITATIONS(CITING, CITED) values (4642946,4012708);
INSERT INTO CITATIONS(CITING, CITED) values (4642946,4021794);
INSERT INTO CITATIONS(CITING, CITED) values (4642946,4029228);
INSERT INTO CITATIONS(CITING, CITED) values (4642946,4044096);
INSERT INTO CITATIONS(CITING, CITED) values (4642946,4048226);
INSERT INTO CITATIONS(CITING, CITED) values (4642946,4063094);
INSERT INTO CITATIONS(CITING, CITED) values (4642946,4064333);
INSERT INTO CITATIONS(CITING, CITED) values (4643359,4081266);
INSERT INTO CITATIONS(CITING, CITED) values (4643359,4115545);
INSERT INTO CITATIONS(CITING, CITED) values (4643359,4138673);
INSERT INTO CITATIONS(CITING, CITED) values (4643359,4169648);
INSERT INTO CITATIONS(CITING, CITED) values (4647076,4210948);
INSERT INTO CITATIONS(CITING, CITED) values (4647076,4226642);
INSERT INTO CITATIONS(CITING, CITED) values (4647076,4247705);
INSERT INTO CITATIONS(CITING, CITED) values (4647076,4253900);
INSERT INTO CITATIONS(CITING, CITED) values (4647076,4262986);
INSERT INTO CITATIONS(CITING, CITED) values (4647076,4275789);
INSERT INTO CITATIONS(CITING, CITED) values (4647076,4288592);
INSERT INTO CITATIONS(CITING, CITED) values (4647076,4300982);
INSERT INTO CITATIONS(CITING, CITED) values (4647076,4305938);
INSERT INTO CITATIONS(CITING, CITED) values (4647076,4324110);
INSERT INTO CITATIONS(CITING, CITED) values (4647076,4349303);
INSERT INTO CITATIONS(CITING, CITED) values (4647076,4403819);
INSERT INTO CITATIONS(CITING, CITED) values (4647076,4405058);
INSERT INTO CITATIONS(CITING, CITED) values (4647076,4412079);
INSERT INTO CITATIONS(CITING, CITED) values (4647076,4424056);
INSERT INTO CITATIONS(CITING, CITED) values (4647076,4448010);
INSERT INTO CITATIONS(CITING, CITED) values (4647076,4453792);
INSERT INTO CITATIONS(CITING, CITED) values (4647076,4454618);
INSERT INTO CITATIONS(CITING, CITED) values (4670617,4463291);
INSERT INTO CITATIONS(CITING, CITED) values (5088160,3873527);
INSERT INTO CITATIONS(CITING, CITED) values (5850558,4169648);
INSERT INTO CITATIONS(CITING, CITED) values (5850558,3863202);
INSERT INTO CITATIONS(CITING, CITED) values (5850558,3873527);
INSERT INTO CITATIONS(CITING, CITED) values (5850558,3892525);
INSERT INTO CITATIONS(CITING, CITED) values (5850558,3911523);
INSERT INTO CITATIONS(CITING, CITED) values (5850558,3914414);
INSERT INTO CITATIONS(CITING, CITED) values (5850558,3934238);
INSERT INTO CITATIONS(CITING, CITED) values (5850558,3982146);
INSERT INTO CITATIONS(CITING, CITED) values (5850558,4012708);
INSERT INTO CITATIONS(CITING, CITED) values (5850558,4021794);
INSERT INTO CITATIONS(CITING, CITED) values (5850558,4029228);
INSERT INTO CITATIONS(CITING, CITED) values (5850558,4044096);
INSERT INTO CITATIONS(CITING, CITED) values (5850558,4048226);
INSERT INTO CITATIONS(CITING, CITED) values (5850558,4063094);
INSERT INTO CITATIONS(CITING, CITED) values (5850558,4064333);
INSERT INTO CITATIONS(CITING, CITED) values (5850558,4081266);

INSERT INTO COMPANY (ASSIGNEE, COMPNAME) VALUES (735,'ABBOTT LABORATORIES');
INSERT INTO COMPANY (ASSIGNEE, COMPNAME) VALUES (945,'A.B.C. AUTO ALARMS');
INSERT INTO COMPANY (ASSIGNEE, COMPNAME) VALUES (1045,'A. B. CHANCE CO.');
INSERT INTO COMPANY (ASSIGNEE, COMPNAME) VALUES (3780,'ACCU-SCAN');
INSERT INTO COMPANY (ASSIGNEE, COMPNAME) VALUES (5015,'ACRALOC CORPORATION');
INSERT INTO COMPANY (ASSIGNEE, COMPNAME) VALUES (5310,'ACTEL CORPORATION');
INSERT INTO COMPANY (ASSIGNEE, COMPNAME) VALUES (6540,'ADEX');
INSERT INTO COMPANY (ASSIGNEE, COMPNAME) VALUES (6955,'ADOLPH COORS COMPANY');
INSERT INTO COMPANY (ASSIGNEE, COMPNAME) VALUES (7400,'ADVANCED CARDIOVASCULAR SYSTEMS');
INSERT INTO COMPANY (ASSIGNEE, COMPNAME) VALUES (7705,'ADVANCED ENVIRONMENTAL RESEARCH GROUP');
INSERT INTO COMPANY (ASSIGNEE, COMPNAME) VALUES (8075,'ADVANCED MICRO DEVICES');
INSERT INTO COMPANY (ASSIGNEE, COMPNAME) VALUES (8120,'ADVANCED NMR SYSTEMS');
INSERT INTO COMPANY (ASSIGNEE, COMPNAME) VALUES (9580,'AEROFLEX LABORATORIES INCORPORATED');
INSERT INTO COMPANY (ASSIGNEE, COMPNAME) VALUES (10835,'A G COMMUNICATION SYSTEMS CORPORATION');
INSERT INTO COMPANY (ASSIGNEE, COMPNAME) VALUES (11420,'AGRICO CHEMICAL COMPANY');
INSERT INTO COMPANY (ASSIGNEE, COMPNAME) VALUES (12260,'A. H. ROBINS COMPANY');
INSERT INTO COMPANY (ASSIGNEE, COMPNAME) VALUES (12710,'AIRBORNE MANUFACTURING COMPANY');
INSERT INTO COMPANY (ASSIGNEE, COMPNAME) VALUES (13465,'AIRPAX ELECTRONICS');
INSERT INTO COMPANY (ASSIGNEE, COMPNAME) VALUES (13570,'AIR PRODUCTS AND CHEMICALS');
INSERT INTO COMPANY (ASSIGNEE, COMPNAME) VALUES (13660,'AIR SENSORS');
INSERT INTO COMPANY (ASSIGNEE, COMPNAME) VALUES (16365,'ALBANY INTERNATIONAL CORPORATION');
INSERT INTO COMPANY (ASSIGNEE, COMPNAME) VALUES (18065,'ALFORD INDUSTRIES INCORPORATED');
INSERT INTO COMPANY (ASSIGNEE, COMPNAME) VALUES (18220,'ALFRED UNIVERSITY');
INSERT INTO COMPANY (ASSIGNEE, COMPNAME) VALUES (18895,'ALLEGHENY LUDLUM STEEL CORPORATION');
INSERT INTO COMPANY (ASSIGNEE, COMPNAME) VALUES (18965,'ALLEN-BRADLEY COMPANY');
INSERT INTO COMPANY (ASSIGNEE, COMPNAME) VALUES (19170,'ALLERGAN');
INSERT INTO COMPANY (ASSIGNEE, COMPNAME) VALUES (19655,'ALLIED PLASTICS');
INSERT INTO COMPANY (ASSIGNEE, COMPNAME) VALUES (19715,'ALLIED-SIGNAL INC.');
INSERT INTO COMPANY (ASSIGNEE, COMPNAME) VALUES (19845,'ALLIS-CHALMERS CORPORATION');
INSERT INTO COMPANY (ASSIGNEE, COMPNAME) VALUES (20490,'ALMA PRODUCTS COMPANY');
INSERT INTO COMPANY (ASSIGNEE, COMPNAME) VALUES (21325,'ALPINE ENGINEERED PRODUCTS');
INSERT INTO COMPANY (ASSIGNEE, COMPNAME) VALUES (22645,'ALVEY INC.');
INSERT INTO COMPANY (ASSIGNEE, COMPNAME) VALUES (22715,'ALZA CORPORATION');
INSERT INTO COMPANY (ASSIGNEE, COMPNAME) VALUES (22995,'AMAX INC.');
INSERT INTO COMPANY (ASSIGNEE, COMPNAME) VALUES (23035,'AMBAC INDUSTRIES');
INSERT INTO COMPANY (ASSIGNEE, COMPNAME) VALUES (24145,'AMERICAN CAN COMPANY');
INSERT INTO COMPANY (ASSIGNEE, COMPNAME) VALUES (24280,'AMERICAN COLLOID COMPANY');
INSERT INTO COMPANY (ASSIGNEE, COMPNAME) VALUES (24425,'AMERICAN CYANAMID COMPANY');
INSERT INTO COMPANY (ASSIGNEE, COMPNAME) VALUES (25135,'AMERICAN HOME PRODUCTS CORPORATION');
INSERT INTO COMPANY (ASSIGNEE, COMPNAME) VALUES (25150,'AMERICAN HOSPITAL SUPPLY CORPORATION');
INSERT INTO COMPANY (ASSIGNEE, COMPNAME) VALUES (25720,'AMERICAN MICRO-SYSTEMS');
INSERT INTO COMPANY (ASSIGNEE, COMPNAME) VALUES (25835,'AMERICAN NATIONAL CAN COMPANY');
INSERT INTO COMPANY (ASSIGNEE, COMPNAME) VALUES (26220,'AMERICAN PULVERIZER COMPANY');
INSERT INTO COMPANY (ASSIGNEE, COMPNAME) VALUES (26610,'AMERICAN STANDARD');
INSERT INTO COMPANY (ASSIGNEE, COMPNAME) VALUES (26640,'AMERICAN STERILIZER COMPANY');
INSERT INTO COMPANY (ASSIGNEE, COMPNAME) VALUES (27465,'AMFIT');
INSERT INTO COMPANY (ASSIGNEE, COMPNAME) VALUES (27520,'AMGEN');
INSERT INTO COMPANY (ASSIGNEE, COMPNAME) VALUES (27895,'AMOCO CORPORATION');
INSERT INTO COMPANY (ASSIGNEE, COMPNAME) VALUES (27915,'AMOCO PRODUCTION COMPANY');
INSERT INTO COMPANY (ASSIGNEE, COMPNAME) VALUES (28105,'AMPEX CORP.');
INSERT INTO COMPANY (ASSIGNEE, COMPNAME) VALUES (28145,'AMP INCORPORATED');
INSERT INTO COMPANY (ASSIGNEE, COMPNAME) VALUES (28291,'AM-SAFE');
INSERT INTO COMPANY (ASSIGNEE, COMPNAME) VALUES (28505,'AMTEL');
INSERT INTO COMPANY (ASSIGNEE, COMPNAME) VALUES (28725,'ANALOG DEVICES');
INSERT INTO COMPANY (ASSIGNEE, COMPNAME) VALUES (29135,'ANCHOR HOCKING CORPORATION');
INSERT INTO COMPANY (ASSIGNEE, COMPNAME) VALUES (29315,'ANDALE COMPANY');
INSERT INTO COMPANY (ASSIGNEE, COMPNAME) VALUES (29395,'ANDERSEN CORPORATION');
INSERT INTO COMPANY (ASSIGNEE, COMPNAME) VALUES (29495,'ANDERSON BROS. MFG. CO.');
INSERT INTO COMPANY (ASSIGNEE, COMPNAME) VALUES (29520,'ANDERSON COMPANY');
INSERT INTO COMPANY (ASSIGNEE, COMPNAME) VALUES (29525,'ANDERSON COOK');
INSERT INTO COMPANY (ASSIGNEE, COMPNAME) VALUES (30380,'ANGLEBOARD INC.');
INSERT INTO COMPANY (ASSIGNEE, COMPNAME) VALUES (32095,'A. O. SMITH CORPORATION');

INSERT INTO INVENTOR (PATENTNUM, LASTNAME, FIRSTNAME, MIDNAME, CITY, POSTATE, COUNTRY, INVSEQ) VALUES (3861550,'Taylor','John','R.','Mountain Lakes','NJ','US',1);
INSERT INTO INVENTOR (PATENTNUM, LASTNAME, FIRSTNAME, MIDNAME, CITY, POSTATE, COUNTRY, INVSEQ) VALUES (3861550,'Jones','Harold','F.','Dover','NJ','US',2);
INSERT INTO INVENTOR (PATENTNUM, LASTNAME, FIRSTNAME, MIDNAME, CITY, POSTATE, COUNTRY, INVSEQ) VALUES (3861550,'Ousterling','David','L.','Mountain Lakes','NJ','US',3);
INSERT INTO INVENTOR (PATENTNUM, LASTNAME, FIRSTNAME, MIDNAME, CITY, POSTATE, COUNTRY, INVSEQ) VALUES (3863202,'Landrum','Ralph','A.','Tulsa','OK','US',1);
INSERT INTO INVENTOR (PATENTNUM, LASTNAME, FIRSTNAME, MIDNAME, CITY, POSTATE, COUNTRY, INVSEQ) VALUES (3873527,'Wendt','Gerhard','R.','Havertown','PA','US',1);
INSERT INTO INVENTOR (PATENTNUM, LASTNAME, FIRSTNAME, MIDNAME, CITY, POSTATE, COUNTRY, INVSEQ) VALUES (3892525,'Lofquist','Robert','Alden','Richmond','VA','US',1);
INSERT INTO INVENTOR (PATENTNUM, LASTNAME, FIRSTNAME, MIDNAME, CITY, POSTATE, COUNTRY, INVSEQ) VALUES (3911523,'Harbison','William','H.','Merrillville','IN','US',1);
INSERT INTO INVENTOR (PATENTNUM, LASTNAME, FIRSTNAME, MIDNAME, CITY, POSTATE, COUNTRY, INVSEQ) VALUES (3911523,'Mohnach','Michael','G.','Merrillville','IN','US',2);
INSERT INTO INVENTOR (PATENTNUM, LASTNAME, FIRSTNAME, MIDNAME, CITY, POSTATE, COUNTRY, INVSEQ) VALUES (3914414,'Stein','Herman','Hal','Skokie','IL','US',1);
INSERT INTO INVENTOR (PATENTNUM, LASTNAME, FIRSTNAME, MIDNAME, CITY, POSTATE, COUNTRY, INVSEQ) VALUES (3914414,'Prasad','Raj','Nandan','Pierrefonds',NULL,'CA',2);
INSERT INTO INVENTOR (PATENTNUM, LASTNAME, FIRSTNAME, MIDNAME, CITY, POSTATE, COUNTRY, INVSEQ) VALUES (3934238,'Pavlou','George','S.','Madison','WI','US',1);
INSERT INTO INVENTOR (PATENTNUM, LASTNAME, FIRSTNAME, MIDNAME, CITY, POSTATE, COUNTRY, INVSEQ) VALUES (3982146,'Hokky','Stephen','G.','North Olmsted','OH','US',1);
INSERT INTO INVENTOR (PATENTNUM, LASTNAME, FIRSTNAME, MIDNAME, CITY, POSTATE, COUNTRY, INVSEQ) VALUES (4012708,'Goe','Melvin','B.','Centralia','MO','US',1);
INSERT INTO INVENTOR (PATENTNUM, LASTNAME, FIRSTNAME, MIDNAME, CITY, POSTATE, COUNTRY, INVSEQ) VALUES (4021794,'Carlson','Peter','J.','Fort Lauderdale','FL','US',1);
INSERT INTO INVENTOR (PATENTNUM, LASTNAME, FIRSTNAME, MIDNAME, CITY, POSTATE, COUNTRY, INVSEQ) VALUES (4029228,'Shaver','J.','Lyle','Blue Springs','MO','US',1);
INSERT INTO INVENTOR (PATENTNUM, LASTNAME, FIRSTNAME, MIDNAME, CITY, POSTATE, COUNTRY, INVSEQ) VALUES (4044096,'Queneau','Paul','B.','Golden','CO','US',1);
INSERT INTO INVENTOR (PATENTNUM, LASTNAME, FIRSTNAME, MIDNAME, CITY, POSTATE, COUNTRY, INVSEQ) VALUES (4044096,'Chou','Eddie','C.','Arvada','CO','US',2);
INSERT INTO INVENTOR (PATENTNUM, LASTNAME, FIRSTNAME, MIDNAME, CITY, POSTATE, COUNTRY, INVSEQ) VALUES (4048226,'Barber','William','Austin','Stamford','CT','US',1);
INSERT INTO INVENTOR (PATENTNUM, LASTNAME, FIRSTNAME, MIDNAME, CITY, POSTATE, COUNTRY, INVSEQ) VALUES (4048226,'Fetchin','John','Allan','Stamford','CT','US',2);
INSERT INTO INVENTOR (PATENTNUM, LASTNAME, FIRSTNAME, MIDNAME, CITY, POSTATE, COUNTRY, INVSEQ) VALUES (4063094,'Schuman','Mark','','Washington','DC','US',1);
INSERT INTO INVENTOR (PATENTNUM, LASTNAME, FIRSTNAME, MIDNAME, CITY, POSTATE, COUNTRY, INVSEQ) VALUES (4064333,'Rabinowitz','Robert','','Stamford','CT','US',1);
INSERT INTO INVENTOR (PATENTNUM, LASTNAME, FIRSTNAME, MIDNAME, CITY, POSTATE, COUNTRY, INVSEQ) VALUES (4064333,'Welcher','Richard','Parke','Old Greenwich','CT','US',2);
INSERT INTO INVENTOR (PATENTNUM, LASTNAME, FIRSTNAME, MIDNAME, CITY, POSTATE, COUNTRY, INVSEQ) VALUES (4081266,'MacKinnon','H.','C.','Tulsa','OK','US',1);
INSERT INTO INVENTOR (PATENTNUM, LASTNAME, FIRSTNAME, MIDNAME, CITY, POSTATE, COUNTRY, INVSEQ) VALUES (4115545,'Weinshenker','Ned','M.','Sunnyvale','CA','US',1);
INSERT INTO INVENTOR (PATENTNUM, LASTNAME, FIRSTNAME, MIDNAME, CITY, POSTATE, COUNTRY, INVSEQ) VALUES (4115545,'Anderson','Niels','H.','Seattle','WA','US',2);
INSERT INTO INVENTOR (PATENTNUM, LASTNAME, FIRSTNAME, MIDNAME, CITY, POSTATE, COUNTRY, INVSEQ) VALUES (4138673,'Faust','James','H.','Cicero','IL','US',1);
INSERT INTO INVENTOR (PATENTNUM, LASTNAME, FIRSTNAME, MIDNAME, CITY, POSTATE, COUNTRY, INVSEQ) VALUES (4169648,'Moist','Stanford','C.','Hummelstown','PA','US',1);
INSERT INTO INVENTOR (PATENTNUM, LASTNAME, FIRSTNAME, MIDNAME, CITY, POSTATE, COUNTRY, INVSEQ) VALUES (4210948,'Waltz','Richard','W.','Milwaukee','WI','US',1);
INSERT INTO INVENTOR (PATENTNUM, LASTNAME, FIRSTNAME, MIDNAME, CITY, POSTATE, COUNTRY, INVSEQ) VALUES (4226642,'Baran','Walter','J.','Erie','PA','US',1);
INSERT INTO INVENTOR (PATENTNUM, LASTNAME, FIRSTNAME, MIDNAME, CITY, POSTATE, COUNTRY, INVSEQ) VALUES (4247705,'Cale','Albert','D.','Mechanicsville','VA','US',1);
INSERT INTO INVENTOR (PATENTNUM, LASTNAME, FIRSTNAME, MIDNAME, CITY, POSTATE, COUNTRY, INVSEQ) VALUES (4253900,'Dege','Gerald','J.','Flanders','NJ','US',1);
INSERT INTO INVENTOR (PATENTNUM, LASTNAME, FIRSTNAME, MIDNAME, CITY, POSTATE, COUNTRY, INVSEQ) VALUES (4253900,'Chlanda','Frederick','P.','Rockaway','NJ','US',2);
INSERT INTO INVENTOR (PATENTNUM, LASTNAME, FIRSTNAME, MIDNAME, CITY, POSTATE, COUNTRY, INVSEQ) VALUES (4253900,'Lee','Lester','T.','Parsippany','NJ','US',3);
INSERT INTO INVENTOR (PATENTNUM, LASTNAME, FIRSTNAME, MIDNAME, CITY, POSTATE, COUNTRY, INVSEQ) VALUES (4253900,'Liu','Kang-Jen','','Sommerville','NJ','US',4);
INSERT INTO INVENTOR (PATENTNUM, LASTNAME, FIRSTNAME, MIDNAME, CITY, POSTATE, COUNTRY, INVSEQ) VALUES (4262986,'Cherian','Gabriel','B.','York','PA','US',1);
INSERT INTO INVENTOR (PATENTNUM, LASTNAME, FIRSTNAME, MIDNAME, CITY, POSTATE, COUNTRY, INVSEQ) VALUES (4262986,'Scheingold','William','S.','Audubon','PA','US',2);
INSERT INTO INVENTOR (PATENTNUM, LASTNAME, FIRSTNAME, MIDNAME, CITY, POSTATE, COUNTRY, INVSEQ) VALUES (4262986,'Kandybowski','Steven','J.','Tower City','PA','US',3);
INSERT INTO INVENTOR (PATENTNUM, LASTNAME, FIRSTNAME, MIDNAME, CITY, POSTATE, COUNTRY, INVSEQ) VALUES (4275789,'Lawrence','Dan','D.','Tulsa','OK','US',1);
INSERT INTO INVENTOR (PATENTNUM, LASTNAME, FIRSTNAME, MIDNAME, CITY, POSTATE, COUNTRY, INVSEQ) VALUES (4275789,'Felber','Betty','J.','Tulsa','OK','US',2);
INSERT INTO INVENTOR (PATENTNUM, LASTNAME, FIRSTNAME, MIDNAME, CITY, POSTATE, COUNTRY, INVSEQ) VALUES (4288592,'Rauhut','Michael','M.','Bridgewater','NJ','US',1);
INSERT INTO INVENTOR (PATENTNUM, LASTNAME, FIRSTNAME, MIDNAME, CITY, POSTATE, COUNTRY, INVSEQ) VALUES (4288592,'Tseng','Shin-Shyong','','Raritan','NJ','US',2);
INSERT INTO INVENTOR (PATENTNUM, LASTNAME, FIRSTNAME, MIDNAME, CITY, POSTATE, COUNTRY, INVSEQ) VALUES (4300982,'Romanski','Eric','R.','Delmar','NY','US',1);
INSERT INTO INVENTOR (PATENTNUM, LASTNAME, FIRSTNAME, MIDNAME, CITY, POSTATE, COUNTRY, INVSEQ) VALUES (4305938,'Zaugg','Harold','E.','Lake Forest','IL','US',1);
INSERT INTO INVENTOR (PATENTNUM, LASTNAME, FIRSTNAME, MIDNAME, CITY, POSTATE, COUNTRY, INVSEQ) VALUES (4324110,'Lovette','Norris','G.','Breinigsville','PA','US',1);
INSERT INTO INVENTOR (PATENTNUM, LASTNAME, FIRSTNAME, MIDNAME, CITY, POSTATE, COUNTRY, INVSEQ) VALUES (4324110,'Ruprecht','David','R.','Laurys Station','PA','US',2);
INSERT INTO INVENTOR (PATENTNUM, LASTNAME, FIRSTNAME, MIDNAME, CITY, POSTATE, COUNTRY, INVSEQ) VALUES (4349303,'Liebel','Henry','L.','Cincinnati','OH','US',1);
INSERT INTO INVENTOR (PATENTNUM, LASTNAME, FIRSTNAME, MIDNAME, CITY, POSTATE, COUNTRY, INVSEQ) VALUES (4349303,'Krier','Martin','','Cincinnati','OH','US',2);
INSERT INTO INVENTOR (PATENTNUM, LASTNAME, FIRSTNAME, MIDNAME, CITY, POSTATE, COUNTRY, INVSEQ) VALUES (4403819,'Weber','Robert','N.','Hummelstown','PA','US',1);
INSERT INTO INVENTOR (PATENTNUM, LASTNAME, FIRSTNAME, MIDNAME, CITY, POSTATE, COUNTRY, INVSEQ) VALUES (4405058,'Phalin','Thomas','L.','Cary','IL','US',1);
INSERT INTO INVENTOR (PATENTNUM, LASTNAME, FIRSTNAME, MIDNAME, CITY, POSTATE, COUNTRY, INVSEQ) VALUES (4412079,'Cebalo','Tony','','Indianapolis','IN','US',1);
INSERT INTO INVENTOR (PATENTNUM, LASTNAME, FIRSTNAME, MIDNAME, CITY, POSTATE, COUNTRY, INVSEQ) VALUES (4412079,'Walde','Robert','A.','Berwyn','PA','US',2);
INSERT INTO INVENTOR (PATENTNUM, LASTNAME, FIRSTNAME, MIDNAME, CITY, POSTATE, COUNTRY, INVSEQ) VALUES (4424056,'Urquhart','John','','Palo Alto','CA','US',1);
INSERT INTO INVENTOR (PATENTNUM, LASTNAME, FIRSTNAME, MIDNAME, CITY, POSTATE, COUNTRY, INVSEQ) VALUES (4424056,'Theeuwes','Felix','','Los Altos','CA','US',2);
INSERT INTO INVENTOR (PATENTNUM, LASTNAME, FIRSTNAME, MIDNAME, CITY, POSTATE, COUNTRY, INVSEQ) VALUES (4448010,'Stohlquist','Roger','H.','Rockford','IL','US',1);
INSERT INTO INVENTOR (PATENTNUM, LASTNAME, FIRSTNAME, MIDNAME, CITY, POSTATE, COUNTRY, INVSEQ) VALUES (4448010,'Brown','Jonathan','G.','Rockford','IL','US',2);
INSERT INTO INVENTOR (PATENTNUM, LASTNAME, FIRSTNAME, MIDNAME, CITY, POSTATE, COUNTRY, INVSEQ) VALUES (4448010,'Baker','Kenneth','V.','Stillman Valley','IL','US',3);
INSERT INTO INVENTOR (PATENTNUM, LASTNAME, FIRSTNAME, MIDNAME, CITY, POSTATE, COUNTRY, INVSEQ) VALUES (4453792,'Bright','Edward','J.','Elizabethtown','PA','US',1);
INSERT INTO INVENTOR (PATENTNUM, LASTNAME, FIRSTNAME, MIDNAME, CITY, POSTATE, COUNTRY, INVSEQ) VALUES (4453792,'Pauza','William','V.','Palmyra','PA','US',2);
INSERT INTO INVENTOR (PATENTNUM, LASTNAME, FIRSTNAME, MIDNAME, CITY, POSTATE, COUNTRY, INVSEQ) VALUES (4454618,'Curchod','Donald','B.','Saratoga','CA','US',1);
INSERT INTO INVENTOR (PATENTNUM, LASTNAME, FIRSTNAME, MIDNAME, CITY, POSTATE, COUNTRY, INVSEQ) VALUES (4463291,'Usry','Joe','D.','Salt Lake City','UT','US',1);
INSERT INTO INVENTOR (PATENTNUM, LASTNAME, FIRSTNAME, MIDNAME, CITY, POSTATE, COUNTRY, INVSEQ) VALUES (4481876,'Amendola','Angel','','Cedar Grove','NJ','US',1);
INSERT INTO INVENTOR (PATENTNUM, LASTNAME, FIRSTNAME, MIDNAME, CITY, POSTATE, COUNTRY, INVSEQ) VALUES (4497983,'Galloway','Michael','D.','Middletown','PA','US',1);
INSERT INTO INVENTOR (PATENTNUM, LASTNAME, FIRSTNAME, MIDNAME, CITY, POSTATE, COUNTRY, INVSEQ) VALUES (4497983,'Gingerich','David','J.','Swatara','PA','US',2);
INSERT INTO INVENTOR (PATENTNUM, LASTNAME, FIRSTNAME, MIDNAME, CITY, POSTATE, COUNTRY, INVSEQ) VALUES (4497983,'Shaffer','David','T.','Harrisburg','PA','US',3);
INSERT INTO INVENTOR (PATENTNUM, LASTNAME, FIRSTNAME, MIDNAME, CITY, POSTATE, COUNTRY, INVSEQ) VALUES (4533088,'Lyston','Edgar','L.','St. Louis','MO','US',1);
INSERT INTO INVENTOR (PATENTNUM, LASTNAME, FIRSTNAME, MIDNAME, CITY, POSTATE, COUNTRY, INVSEQ) VALUES (4567780,'Oppenlander','Jon','E.','Lafayette','CA','US',1);
INSERT INTO INVENTOR (PATENTNUM, LASTNAME, FIRSTNAME, MIDNAME, CITY, POSTATE, COUNTRY, INVSEQ) VALUES (4567780,'Koball','Bruce','R.','Berkeley','CA','US',2);
INSERT INTO INVENTOR (PATENTNUM, LASTNAME, FIRSTNAME, MIDNAME, CITY, POSTATE, COUNTRY, INVSEQ) VALUES (4567780,'Shackelford','Carl','L.','San Pablo','CA','US',3);
INSERT INTO INVENTOR (PATENTNUM, LASTNAME, FIRSTNAME, MIDNAME, CITY, POSTATE, COUNTRY, INVSEQ) VALUES (4567780,'Karne','Benn','','Oakland','CA','US',4);
INSERT INTO INVENTOR (PATENTNUM, LASTNAME, FIRSTNAME, MIDNAME, CITY, POSTATE, COUNTRY, INVSEQ) VALUES (4573562,'DeLand','Daniel','L.','Alma','MI','US',1);
INSERT INTO INVENTOR (PATENTNUM, LASTNAME, FIRSTNAME, MIDNAME, CITY, POSTATE, COUNTRY, INVSEQ) VALUES (4579757,'Su','Cheh-Jen','','Downers Grove','IL','US',1);
INSERT INTO INVENTOR (PATENTNUM, LASTNAME, FIRSTNAME, MIDNAME, CITY, POSTATE, COUNTRY, INVSEQ) VALUES (4579757,'Tsai','Boh','C.','Rolling Meadows','IL','US',2);
INSERT INTO INVENTOR (PATENTNUM, LASTNAME, FIRSTNAME, MIDNAME, CITY, POSTATE, COUNTRY, INVSEQ) VALUES (4579757,'Wachtel','James','A.','Buffalo Grove','IL','US',3);
INSERT INTO INVENTOR (PATENTNUM, LASTNAME, FIRSTNAME, MIDNAME, CITY, POSTATE, COUNTRY, INVSEQ) VALUES (4603298,'Malka','Jacob','H.','Fair Lawn','NJ','US',1);
INSERT INTO INVENTOR (PATENTNUM, LASTNAME, FIRSTNAME, MIDNAME, CITY, POSTATE, COUNTRY, INVSEQ) VALUES (4603298,'Mate','Harold','','Hackensack','NJ','US',2);
INSERT INTO INVENTOR (PATENTNUM, LASTNAME, FIRSTNAME, MIDNAME, CITY, POSTATE, COUNTRY, INVSEQ) VALUES (4633447,'Bodine','John','H.','Tulsa','OK','US',1);
INSERT INTO INVENTOR (PATENTNUM, LASTNAME, FIRSTNAME, MIDNAME, CITY, POSTATE, COUNTRY, INVSEQ) VALUES (4642946,'Koch','Charles','P.','Wyoming','OH','US',1);
INSERT INTO INVENTOR (PATENTNUM, LASTNAME, FIRSTNAME, MIDNAME, CITY, POSTATE, COUNTRY, INVSEQ) VALUES (4643359,'Casey','Gary','L.','Troy','MI','US',1);
INSERT INTO INVENTOR (PATENTNUM, LASTNAME, FIRSTNAME, MIDNAME, CITY, POSTATE, COUNTRY, INVSEQ) VALUES (4647076,'Pollack','Jack','','Reseda','CA','US',1);
INSERT INTO INVENTOR (PATENTNUM, LASTNAME, FIRSTNAME, MIDNAME, CITY, POSTATE, COUNTRY, INVSEQ) VALUES (4647076,'Mann','Tarlochan','S.','Northridge','CA','US',2);
INSERT INTO INVENTOR (PATENTNUM, LASTNAME, FIRSTNAME, MIDNAME, CITY, POSTATE, COUNTRY, INVSEQ) VALUES (4670617,'Desimone','Richard','E.','Lisle','IL','US',1);
INSERT INTO INVENTOR (PATENTNUM, LASTNAME, FIRSTNAME, MIDNAME, CITY, POSTATE, COUNTRY, INVSEQ) VALUES (4670617,'Haddad','Muin','S.','Naperville','IL','US',2);
INSERT INTO INVENTOR (PATENTNUM, LASTNAME, FIRSTNAME, MIDNAME, CITY, POSTATE, COUNTRY, INVSEQ) VALUES (4696223,'Link','Charles','T.','Pleasant Hills','PA','US',1);
INSERT INTO INVENTOR (PATENTNUM, LASTNAME, FIRSTNAME, MIDNAME, CITY, POSTATE, COUNTRY, INVSEQ) VALUES (4696223,'Gray','Bennie','M.','Pittsburgh','PA','US',2);
INSERT INTO INVENTOR (PATENTNUM, LASTNAME, FIRSTNAME, MIDNAME, CITY, POSTATE, COUNTRY, INVSEQ) VALUES (4696223,'Shumaker','Harold','L.','Monroeville','PA','US',3);
INSERT INTO INVENTOR (PATENTNUM, LASTNAME, FIRSTNAME, MIDNAME, CITY, POSTATE, COUNTRY, INVSEQ) VALUES (4713569,'Schwartz','Myron','','St. James','NY','US',1);
INSERT INTO INVENTOR (PATENTNUM, LASTNAME, FIRSTNAME, MIDNAME, CITY, POSTATE, COUNTRY, INVSEQ) VALUES (4715221,'Grims','Conrad','M.','Golden','CO','US',1);
INSERT INTO INVENTOR (PATENTNUM, LASTNAME, FIRSTNAME, MIDNAME, CITY, POSTATE, COUNTRY, INVSEQ) VALUES (4715221,'Eldridge','Lawrence','B.','Littleton','CO','US',2);
INSERT INTO INVENTOR (PATENTNUM, LASTNAME, FIRSTNAME, MIDNAME, CITY, POSTATE, COUNTRY, INVSEQ) VALUES (4717699,'Mickelson','Grant','A.','Yorba Linda','CA','US',1);
INSERT INTO INVENTOR (PATENTNUM, LASTNAME, FIRSTNAME, MIDNAME, CITY, POSTATE, COUNTRY, INVSEQ) VALUES (4754043,'Kreft','Anthony','F.','Devon','PA','US',1);
INSERT INTO INVENTOR (PATENTNUM, LASTNAME, FIRSTNAME, MIDNAME, CITY, POSTATE, COUNTRY, INVSEQ) VALUES (4754043,'Musser','John','H.','Malvern','PA','US',2);
INSERT INTO INVENTOR (PATENTNUM, LASTNAME, FIRSTNAME, MIDNAME, CITY, POSTATE, COUNTRY, INVSEQ) VALUES (4754043,'Pattison','Thomas','W.','King Of Prussia','PA','US',3);
INSERT INTO INVENTOR (PATENTNUM, LASTNAME, FIRSTNAME, MIDNAME, CITY, POSTATE, COUNTRY, INVSEQ) VALUES (4754043,'Yardley','John','P.','King Of Prussia','PA','US',4);
INSERT INTO INVENTOR (PATENTNUM, LASTNAME, FIRSTNAME, MIDNAME, CITY, POSTATE, COUNTRY, INVSEQ) VALUES (4773867,'Keller','Steven','T.','Lewisville','NC','US',1);
INSERT INTO INVENTOR (PATENTNUM, LASTNAME, FIRSTNAME, MIDNAME, CITY, POSTATE, COUNTRY, INVSEQ) VALUES (4773867,'Rossi','Anthony','L.','Clemmons','NC','US',2);
INSERT INTO INVENTOR (PATENTNUM, LASTNAME, FIRSTNAME, MIDNAME, CITY, POSTATE, COUNTRY, INVSEQ) VALUES (4775106,'Jha','Mahesh','C.','Arvada','CO','US',1);
INSERT INTO INVENTOR (PATENTNUM, LASTNAME, FIRSTNAME, MIDNAME, CITY, POSTATE, COUNTRY, INVSEQ) VALUES (4775106,'Malhotra','Deepak','','Golden','CO','US',2);
INSERT INTO INVENTOR (PATENTNUM, LASTNAME, FIRSTNAME, MIDNAME, CITY, POSTATE, COUNTRY, INVSEQ) VALUES (4775106,'Smit','Frank','J.','Arvada','CO','US',3);
INSERT INTO INVENTOR (PATENTNUM, LASTNAME, FIRSTNAME, MIDNAME, CITY, POSTATE, COUNTRY, INVSEQ) VALUES (4779236,'Sondergeld','Carl','H.','Broken Arrow','OK','US',1);
INSERT INTO INVENTOR (PATENTNUM, LASTNAME, FIRSTNAME, MIDNAME, CITY, POSTATE, COUNTRY, INVSEQ) VALUES (4781714,'Eckenhoff','J.','Benjamin','Los Altos','CA','US',1);
INSERT INTO INVENTOR (PATENTNUM, LASTNAME, FIRSTNAME, MIDNAME, CITY, POSTATE, COUNTRY, INVSEQ) VALUES (4781714,'Theeuwes','Felix','','Los Altos','CA','US',2);
INSERT INTO INVENTOR (PATENTNUM, LASTNAME, FIRSTNAME, MIDNAME, CITY, POSTATE, COUNTRY, INVSEQ) VALUES (4781714,'Deters','Joseph','C.','Mountain View','CA','US',3);
INSERT INTO INVENTOR (PATENTNUM, LASTNAME, FIRSTNAME, MIDNAME, CITY, POSTATE, COUNTRY, INVSEQ) VALUES (4798234,'Dugan','Larry','M.','Boulder','CO','US',1);
INSERT INTO INVENTOR (PATENTNUM, LASTNAME, FIRSTNAME, MIDNAME, CITY, POSTATE, COUNTRY, INVSEQ) VALUES (4812276,'Chao','Tai-Hsiang','','Mt. Prospect','IL','US',1);
INSERT INTO INVENTOR (PATENTNUM, LASTNAME, FIRSTNAME, MIDNAME, CITY, POSTATE, COUNTRY, INVSEQ) VALUES (4813102,'Ailey','Harrison','A.','Knox County','TN','US',1);
INSERT INTO INVENTOR (PATENTNUM, LASTNAME, FIRSTNAME, MIDNAME, CITY, POSTATE, COUNTRY, INVSEQ) VALUES (4838295,'Smith','David','H.','Mercer Island','WA','US',1);
INSERT INTO INVENTOR (PATENTNUM, LASTNAME, FIRSTNAME, MIDNAME, CITY, POSTATE, COUNTRY, INVSEQ) VALUES (4838295,'Miller','Kenneth','E.','Edmonds','WA','US',2);
INSERT INTO INVENTOR (PATENTNUM, LASTNAME, FIRSTNAME, MIDNAME, CITY, POSTATE, COUNTRY, INVSEQ) VALUES (4847381,'Sutherland','Leslie','H.','Dallas','TX','US',1);
INSERT INTO INVENTOR (PATENTNUM, LASTNAME, FIRSTNAME, MIDNAME, CITY, POSTATE, COUNTRY, INVSEQ) VALUES (4847381,'Sloboda','Adolph','E.','Rockland','NY','US',2);
INSERT INTO INVENTOR (PATENTNUM, LASTNAME, FIRSTNAME, MIDNAME, CITY, POSTATE, COUNTRY, INVSEQ) VALUES (4847381,'Child','Ralph','G.','Rockland','NY','US',3);
INSERT INTO INVENTOR (PATENTNUM, LASTNAME, FIRSTNAME, MIDNAME, CITY, POSTATE, COUNTRY, INVSEQ) VALUES (4847381,'Poletto','John','F.','Bergen','NJ','US',4);
INSERT INTO INVENTOR (PATENTNUM, LASTNAME, FIRSTNAME, MIDNAME, CITY, POSTATE, COUNTRY, INVSEQ) VALUES (4847381,'Powell','Dennis','W.','Rockland','NY','US',5);
INSERT INTO INVENTOR (PATENTNUM, LASTNAME, FIRSTNAME, MIDNAME, CITY, POSTATE, COUNTRY, INVSEQ) VALUES (4849446,'Asato','Goro','','Titusville','NJ','US',1);
INSERT INTO INVENTOR (PATENTNUM, LASTNAME, FIRSTNAME, MIDNAME, CITY, POSTATE, COUNTRY, INVSEQ) VALUES (4849446,'France','Donald','J.','Pennington','NJ','US',2);
INSERT INTO INVENTOR (PATENTNUM, LASTNAME, FIRSTNAME, MIDNAME, CITY, POSTATE, COUNTRY, INVSEQ) VALUES (4862662,'Eberle','George','F.','St. Louis County','MO','US',1);
INSERT INTO INVENTOR (PATENTNUM, LASTNAME, FIRSTNAME, MIDNAME, CITY, POSTATE, COUNTRY, INVSEQ) VALUES (4862662,'Bickel','Karl','L.','St. Charles County','MO','US',2);
INSERT INTO INVENTOR (PATENTNUM, LASTNAME, FIRSTNAME, MIDNAME, CITY, POSTATE, COUNTRY, INVSEQ) VALUES (4862662,'Brakeman','David','B.','St. Charles County','MO','US',3);
INSERT INTO INVENTOR (PATENTNUM, LASTNAME, FIRSTNAME, MIDNAME, CITY, POSTATE, COUNTRY, INVSEQ) VALUES (4875465,'Kramer','David','W.','Milwaukee','WI','US',1);
INSERT INTO INVENTOR (PATENTNUM, LASTNAME, FIRSTNAME, MIDNAME, CITY, POSTATE, COUNTRY, INVSEQ) VALUES (4935350,'Patel','Avantika','C.','Thousand Oaks','CA','US',1);
INSERT INTO INVENTOR (PATENTNUM, LASTNAME, FIRSTNAME, MIDNAME, CITY, POSTATE, COUNTRY, INVSEQ) VALUES (4935350,'Ratzkin','Barry','J.','Thousand Oaks','CA','US',2);
INSERT INTO INVENTOR (PATENTNUM, LASTNAME, FIRSTNAME, MIDNAME, CITY, POSTATE, COUNTRY, INVSEQ) VALUES (4968803,'Van Der Puy','Michael','','Cheektowaga','NY','US',1);
INSERT INTO INVENTOR (PATENTNUM, LASTNAME, FIRSTNAME, MIDNAME, CITY, POSTATE, COUNTRY, INVSEQ) VALUES (4968803,'Nalewajek','David','','West Seneca','NY','US',2);
INSERT INTO INVENTOR (PATENTNUM, LASTNAME, FIRSTNAME, MIDNAME, CITY, POSTATE, COUNTRY, INVSEQ) VALUES (4968803,'Wicks','Gene','','Baton Rouge','LA','US',3);
INSERT INTO INVENTOR (PATENTNUM, LASTNAME, FIRSTNAME, MIDNAME, CITY, POSTATE, COUNTRY, INVSEQ) VALUES (4991105,'Pimental','Leroy','G.','Brockway','PA','US',1);
INSERT INTO INVENTOR (PATENTNUM, LASTNAME, FIRSTNAME, MIDNAME, CITY, POSTATE, COUNTRY, INVSEQ) VALUES (4993170,'Burk','David','L.','Pittsburgh','PA','US',1);
INSERT INTO INVENTOR (PATENTNUM, LASTNAME, FIRSTNAME, MIDNAME, CITY, POSTATE, COUNTRY, INVSEQ) VALUES (5015885,'El Gamal','Abbas','','Palo Alto','CA','US',1);
INSERT INTO INVENTOR (PATENTNUM, LASTNAME, FIRSTNAME, MIDNAME, CITY, POSTATE, COUNTRY, INVSEQ) VALUES (5015885,'Chiang','Steve','S.S.','Saratoga','CA','US',2);
INSERT INTO INVENTOR (PATENTNUM, LASTNAME, FIRSTNAME, MIDNAME, CITY, POSTATE, COUNTRY, INVSEQ) VALUES (5030340,'Panzer','Hans','P.','Stamford','CT','US',1);
INSERT INTO INVENTOR (PATENTNUM, LASTNAME, FIRSTNAME, MIDNAME, CITY, POSTATE, COUNTRY, INVSEQ) VALUES (5030340,'Peart','Michael','','Cardiff',NULL,'GB',2);
INSERT INTO INVENTOR (PATENTNUM, LASTNAME, FIRSTNAME, MIDNAME, CITY, POSTATE, COUNTRY, INVSEQ) VALUES (5031992,'Corcoran','John','W.','Los Altos','CA','US',1);
INSERT INTO INVENTOR (PATENTNUM, LASTNAME, FIRSTNAME, MIDNAME, CITY, POSTATE, COUNTRY, INVSEQ) VALUES (5041491,'Turke','Richard','M.','Hinsdale','IL','US',1);
INSERT INTO INVENTOR (PATENTNUM, LASTNAME, FIRSTNAME, MIDNAME, CITY, POSTATE, COUNTRY, INVSEQ) VALUES (5041491,'Gryziecki','Robin','M.','Aurora','IL','US',2);
INSERT INTO INVENTOR (PATENTNUM, LASTNAME, FIRSTNAME, MIDNAME, CITY, POSTATE, COUNTRY, INVSEQ) VALUES (5041491,'Howe','David','V.','Glen Ellyn','IL','US',3);
INSERT INTO INVENTOR (PATENTNUM, LASTNAME, FIRSTNAME, MIDNAME, CITY, POSTATE, COUNTRY, INVSEQ) VALUES (5048925,'Gerritsen','Hendrick','J.','Providence','RI','US',1);
INSERT INTO INVENTOR (PATENTNUM, LASTNAME, FIRSTNAME, MIDNAME, CITY, POSTATE, COUNTRY, INVSEQ) VALUES (5048925,'Ian','Richard','','Brookline','MA','US',2);
INSERT INTO INVENTOR (PATENTNUM, LASTNAME, FIRSTNAME, MIDNAME, CITY, POSTATE, COUNTRY, INVSEQ) VALUES (5048925,'King','Elisabeth','W.','Woolwrich','ME','US',3);
INSERT INTO INVENTOR (PATENTNUM, LASTNAME, FIRSTNAME, MIDNAME, CITY, POSTATE, COUNTRY, INVSEQ) VALUES (5048925,'Thornton','Donald','K.','East Boston','MA','US',4);
INSERT INTO INVENTOR (PATENTNUM, LASTNAME, FIRSTNAME, MIDNAME, CITY, POSTATE, COUNTRY, INVSEQ) VALUES (5048925,'Weber','Sally','N.','North Cambridge','MA','US',5);
INSERT INTO INVENTOR (PATENTNUM, LASTNAME, FIRSTNAME, MIDNAME, CITY, POSTATE, COUNTRY, INVSEQ) VALUES (5054707,'Olson','Jayme','B.','Neenah','WI','US',1);
INSERT INTO INVENTOR (PATENTNUM, LASTNAME, FIRSTNAME, MIDNAME, CITY, POSTATE, COUNTRY, INVSEQ) VALUES (5069575,'Anderson','Carl','','Mt. Clemens','MI','US',1);
INSERT INTO INVENTOR (PATENTNUM, LASTNAME, FIRSTNAME, MIDNAME, CITY, POSTATE, COUNTRY, INVSEQ) VALUES (5088160,'Warrick','James','C.','Tempe','AZ','US',1);
INSERT INTO INVENTOR (PATENTNUM, LASTNAME, FIRSTNAME, MIDNAME, CITY, POSTATE, COUNTRY, INVSEQ) VALUES (5091464,'Huspeni','Paul','J.','North Augusta','SC','US',1);
INSERT INTO INVENTOR (PATENTNUM, LASTNAME, FIRSTNAME, MIDNAME, CITY, POSTATE, COUNTRY, INVSEQ) VALUES (5091464,'Layton','Richard','','Augusta','GA','US',2);
INSERT INTO INVENTOR (PATENTNUM, LASTNAME, FIRSTNAME, MIDNAME, CITY, POSTATE, COUNTRY, INVSEQ) VALUES (5091464,'Frayer','Paul','D.','Martinez','GA','US',3);
INSERT INTO INVENTOR (PATENTNUM, LASTNAME, FIRSTNAME, MIDNAME, CITY, POSTATE, COUNTRY, INVSEQ) VALUES (5112527,'Kobylinski','Thaddeus','P.','Lisle','IL','US',1);
INSERT INTO INVENTOR (PATENTNUM, LASTNAME, FIRSTNAME, MIDNAME, CITY, POSTATE, COUNTRY, INVSEQ) VALUES (5130286,'Michaels','Glenn','O.','South Holland','IL','US',1);
INSERT INTO INVENTOR (PATENTNUM, LASTNAME, FIRSTNAME, MIDNAME, CITY, POSTATE, COUNTRY, INVSEQ) VALUES (5130286,'Spangler','Michael','J.','Sandwich','IL','US',2);
INSERT INTO INVENTOR (PATENTNUM, LASTNAME, FIRSTNAME, MIDNAME, CITY, POSTATE, COUNTRY, INVSEQ) VALUES (5183150,'Chary','Henry','H.','Rancho Palos Verdes','CA','US',1);
INSERT INTO INVENTOR (PATENTNUM, LASTNAME, FIRSTNAME, MIDNAME, CITY, POSTATE, COUNTRY, INVSEQ) VALUES (5183150,'Fitgibbon','Thomas','F.','Long Beach','CA','US',2);
INSERT INTO INVENTOR (PATENTNUM, LASTNAME, FIRSTNAME, MIDNAME, CITY, POSTATE, COUNTRY, INVSEQ) VALUES (5183150,'Gibson','Christopher','M.','Fountain Valley','CA','US',3);
INSERT INTO INVENTOR (PATENTNUM, LASTNAME, FIRSTNAME, MIDNAME, CITY, POSTATE, COUNTRY, INVSEQ) VALUES (5205452,'Mankey','Neal','N.','Charlotte','NC','US',1);
INSERT INTO INVENTOR (PATENTNUM, LASTNAME, FIRSTNAME, MIDNAME, CITY, POSTATE, COUNTRY, INVSEQ) VALUES (5206278,'Famili','Amir','','Schnecksville','PA','US',1);
INSERT INTO INVENTOR (PATENTNUM, LASTNAME, FIRSTNAME, MIDNAME, CITY, POSTATE, COUNTRY, INVSEQ) VALUES (5206278,'Marten','Finn','L.','Macungie','PA','US',2);
INSERT INTO INVENTOR (PATENTNUM, LASTNAME, FIRSTNAME, MIDNAME, CITY, POSTATE, COUNTRY, INVSEQ) VALUES (5206278,'Nangeroni','James','F.','Allentown','PA','US',3);
INSERT INTO INVENTOR (PATENTNUM, LASTNAME, FIRSTNAME, MIDNAME, CITY, POSTATE, COUNTRY, INVSEQ) VALUES (5222385,'Halasz','Andrew','','Crystal Lake','IL','US',1);
INSERT INTO INVENTOR (PATENTNUM, LASTNAME, FIRSTNAME, MIDNAME, CITY, POSTATE, COUNTRY, INVSEQ) VALUES (5222385,'Praturlon','Sylvan','','Chicago','IL','US',2);
INSERT INTO INVENTOR (PATENTNUM, LASTNAME, FIRSTNAME, MIDNAME, CITY, POSTATE, COUNTRY, INVSEQ) VALUES (5222385,'Azzaline','Paul','','Crystal Lake','IL','US',3);
INSERT INTO INVENTOR (PATENTNUM, LASTNAME, FIRSTNAME, MIDNAME, CITY, POSTATE, COUNTRY, INVSEQ) VALUES (5222385,'Caliendo','Christopher','','Bridgeview','IL','US',4);
INSERT INTO INVENTOR (PATENTNUM, LASTNAME, FIRSTNAME, MIDNAME, CITY, POSTATE, COUNTRY, INVSEQ) VALUES (5240970,'Nichols','James','D.','Fogelsville','PA','US',1);
INSERT INTO INVENTOR (PATENTNUM, LASTNAME, FIRSTNAME, MIDNAME, CITY, POSTATE, COUNTRY, INVSEQ) VALUES (5240970,'Savoca','Ann','C.','Bernville','PA','US',2);
INSERT INTO INVENTOR (PATENTNUM, LASTNAME, FIRSTNAME, MIDNAME, CITY, POSTATE, COUNTRY, INVSEQ) VALUES (5240970,'Listemann','Mark','L.','Whitehall','PA','US',3);
INSERT INTO INVENTOR (PATENTNUM, LASTNAME, FIRSTNAME, MIDNAME, CITY, POSTATE, COUNTRY, INVSEQ) VALUES (5270293,'Schulze','Walter','A.','Alfred Station','NY','US',1);
INSERT INTO INVENTOR (PATENTNUM, LASTNAME, FIRSTNAME, MIDNAME, CITY, POSTATE, COUNTRY, INVSEQ) VALUES (5270293,'Gopalakrishnan','Sudhakar','','Alfred Allegany Coun','NY','US',2);
INSERT INTO INVENTOR (PATENTNUM, LASTNAME, FIRSTNAME, MIDNAME, CITY, POSTATE, COUNTRY, INVSEQ) VALUES (5285161,'Rzedzian','Richard','','Lexington','MA','US',1);
INSERT INTO INVENTOR (PATENTNUM, LASTNAME, FIRSTNAME, MIDNAME, CITY, POSTATE, COUNTRY, INVSEQ) VALUES (5285161,'Crump','Stephen','','Newton Center','MA','US',2);
INSERT INTO INVENTOR (PATENTNUM, LASTNAME, FIRSTNAME, MIDNAME, CITY, POSTATE, COUNTRY, INVSEQ) VALUES (5294247,'Scharpf','Eric','W.','Emmaus','PA','US',1);
INSERT INTO INVENTOR (PATENTNUM, LASTNAME, FIRSTNAME, MIDNAME, CITY, POSTATE, COUNTRY, INVSEQ) VALUES (5294247,'Kumar','Ravi','','Allentown','PA','US',2);
INSERT INTO INVENTOR (PATENTNUM, LASTNAME, FIRSTNAME, MIDNAME, CITY, POSTATE, COUNTRY, INVSEQ) VALUES (5307463,'Hyatt','Craig','S.','Pewaukee','WI','US',1);
INSERT INTO INVENTOR (PATENTNUM, LASTNAME, FIRSTNAME, MIDNAME, CITY, POSTATE, COUNTRY, INVSEQ) VALUES (5307463,'Hostria','Emmanuel','G.','Mukwonago','WI','US',2);
INSERT INTO INVENTOR (PATENTNUM, LASTNAME, FIRSTNAME, MIDNAME, CITY, POSTATE, COUNTRY, INVSEQ) VALUES (5312832,'Chan','Ming','F.','Gurnee','IL','US',1);
INSERT INTO INVENTOR (PATENTNUM, LASTNAME, FIRSTNAME, MIDNAME, CITY, POSTATE, COUNTRY, INVSEQ) VALUES (5319027,'Bott','Richard','H.','Macungie','PA','US',1);
INSERT INTO INVENTOR (PATENTNUM, LASTNAME, FIRSTNAME, MIDNAME, CITY, POSTATE, COUNTRY, INVSEQ) VALUES (5319027,'Kuphal','Jeffrey','A.','Flemington','NJ','US',2);
INSERT INTO INVENTOR (PATENTNUM, LASTNAME, FIRSTNAME, MIDNAME, CITY, POSTATE, COUNTRY, INVSEQ) VALUES (5319027,'Robeson','Lloyd','M.','Macungie','PA','US',3);
INSERT INTO INVENTOR (PATENTNUM, LASTNAME, FIRSTNAME, MIDNAME, CITY, POSTATE, COUNTRY, INVSEQ) VALUES (5319027,'Lee','Hsueh-Chi','','Allentown','PA','US',4);
INSERT INTO INVENTOR (PATENTNUM, LASTNAME, FIRSTNAME, MIDNAME, CITY, POSTATE, COUNTRY, INVSEQ) VALUES (5319027,'Cordeiro','Cajetan','F.','Kutztown','PA','US',5);
INSERT INTO INVENTOR (PATENTNUM, LASTNAME, FIRSTNAME, MIDNAME, CITY, POSTATE, COUNTRY, INVSEQ) VALUES (5328939,'Smith','Tammy','','Belle Mead','NJ','US',1);
INSERT INTO INVENTOR (PATENTNUM, LASTNAME, FIRSTNAME, MIDNAME, CITY, POSTATE, COUNTRY, INVSEQ) VALUES (5342981,'Plata','Daniel','J.','Waukegan','IL','US',1);
INSERT INTO INVENTOR (PATENTNUM, LASTNAME, FIRSTNAME, MIDNAME, CITY, POSTATE, COUNTRY, INVSEQ) VALUES (5342981,'Fung','Anthony','K.','Gurnee','IL','US',2);
INSERT INTO INVENTOR (PATENTNUM, LASTNAME, FIRSTNAME, MIDNAME, CITY, POSTATE, COUNTRY, INVSEQ) VALUES (5342981,'Morton','Howard','E.','Gurnee','IL','US',3);
INSERT INTO INVENTOR (PATENTNUM, LASTNAME, FIRSTNAME, MIDNAME, CITY, POSTATE, COUNTRY, INVSEQ) VALUES (5342981,'Leanna','Robert','','Mundelein','IL','US',4);
INSERT INTO INVENTOR (PATENTNUM, LASTNAME, FIRSTNAME, MIDNAME, CITY, POSTATE, COUNTRY, INVSEQ) VALUES (5342981,'Baker','William','R.','Libertyville','IL','US',5);
INSERT INTO INVENTOR (PATENTNUM, LASTNAME, FIRSTNAME, MIDNAME, CITY, POSTATE, COUNTRY, INVSEQ) VALUES (5342981,'Pratt','John','K.','Kenosha','WI','US',6);
INSERT INTO INVENTOR (PATENTNUM, LASTNAME, FIRSTNAME, MIDNAME, CITY, POSTATE, COUNTRY, INVSEQ) VALUES (5359088,'Chu','Daniel','T.','Vernon Hills','IL','US',1);
INSERT INTO INVENTOR (PATENTNUM, LASTNAME, FIRSTNAME, MIDNAME, CITY, POSTATE, COUNTRY, INVSEQ) VALUES (5359088,'Rosen','Terry','J.','East Lyme','CT','US',2);
INSERT INTO INVENTOR (PATENTNUM, LASTNAME, FIRSTNAME, MIDNAME, CITY, POSTATE, COUNTRY, INVSEQ) VALUES (5367761,'Kabat','Zbigniew','','Chicago','IL','US',1);
INSERT INTO INVENTOR (PATENTNUM, LASTNAME, FIRSTNAME, MIDNAME, CITY, POSTATE, COUNTRY, INVSEQ) VALUES (5367761,'Walton','Richard','A.','Carol Stream','IL','US',2);
INSERT INTO INVENTOR (PATENTNUM, LASTNAME, FIRSTNAME, MIDNAME, CITY, POSTATE, COUNTRY, INVSEQ) VALUES (5416908,'DiCarlo','David','A.','Windsor','OH','US',1);
INSERT INTO INVENTOR (PATENTNUM, LASTNAME, FIRSTNAME, MIDNAME, CITY, POSTATE, COUNTRY, INVSEQ) VALUES (5416908,'Floro','William','E.','Willoughby','OH','US',2);
INSERT INTO INVENTOR (PATENTNUM, LASTNAME, FIRSTNAME, MIDNAME, CITY, POSTATE, COUNTRY, INVSEQ) VALUES (5416908,'Keith','Mike','','Willowick','OH','US',3);
INSERT INTO INVENTOR (PATENTNUM, LASTNAME, FIRSTNAME, MIDNAME, CITY, POSTATE, COUNTRY, INVSEQ) VALUES (5416908,'Baier','John','J.','Saline','MI','US',4);
INSERT INTO INVENTOR (PATENTNUM, LASTNAME, FIRSTNAME, MIDNAME, CITY, POSTATE, COUNTRY, INVSEQ) VALUES (5416908,'Campau','Jeffrey','H.','Pinckney','MI','US',5);
INSERT INTO INVENTOR (PATENTNUM, LASTNAME, FIRSTNAME, MIDNAME, CITY, POSTATE, COUNTRY, INVSEQ) VALUES (5416908,'Noonen','Daniel','P.','Saline','MI','US',6);
INSERT INTO INVENTOR (PATENTNUM, LASTNAME, FIRSTNAME, MIDNAME, CITY, POSTATE, COUNTRY, INVSEQ) VALUES (5416908,'Siegel','Stuart','B.','Clinton','MI','US',7);
INSERT INTO INVENTOR (PATENTNUM, LASTNAME, FIRSTNAME, MIDNAME, CITY, POSTATE, COUNTRY, INVSEQ) VALUES (5421451,'Easton','Richard','L.','St. Peters','MO','US',1);
INSERT INTO INVENTOR (PATENTNUM, LASTNAME, FIRSTNAME, MIDNAME, CITY, POSTATE, COUNTRY, INVSEQ) VALUES (5423929,'Doyle','Christopher','E.','Irvine','CA','US',1);
INSERT INTO INVENTOR (PATENTNUM, LASTNAME, FIRSTNAME, MIDNAME, CITY, POSTATE, COUNTRY, INVSEQ) VALUES (5423929,'Grisoni','Bernard','F.','Aliso Viejo','CA','US',2);
INSERT INTO INVENTOR (PATENTNUM, LASTNAME, FIRSTNAME, MIDNAME, CITY, POSTATE, COUNTRY, INVSEQ) VALUES (5423929,'Graham','Richard','S.','Irvine','CA','US',3);
INSERT INTO INVENTOR (PATENTNUM, LASTNAME, FIRSTNAME, MIDNAME, CITY, POSTATE, COUNTRY, INVSEQ) VALUES (5432189,'Wissner','Allan','','Westchester','NY','US',1);
INSERT INTO INVENTOR (PATENTNUM, LASTNAME, FIRSTNAME, MIDNAME, CITY, POSTATE, COUNTRY, INVSEQ) VALUES (5507768,'Lau','Lilip','','Sunnyvale','CA','US',1);
INSERT INTO INVENTOR (PATENTNUM, LASTNAME, FIRSTNAME, MIDNAME, CITY, POSTATE, COUNTRY, INVSEQ) VALUES (5507768,'Hartigan','William','M.','Fremont','CA','US',2);
INSERT INTO INVENTOR (PATENTNUM, LASTNAME, FIRSTNAME, MIDNAME, CITY, POSTATE, COUNTRY, INVSEQ) VALUES (5507768,'Khosravi','Farhad','','Boston','MA','US',3);
INSERT INTO INVENTOR (PATENTNUM, LASTNAME, FIRSTNAME, MIDNAME, CITY, POSTATE, COUNTRY, INVSEQ) VALUES (5507768,'Klemm','Kurt','R.','Santa Clara','CA','US',4);
INSERT INTO INVENTOR (PATENTNUM, LASTNAME, FIRSTNAME, MIDNAME, CITY, POSTATE, COUNTRY, INVSEQ) VALUES (5507768,'Sigwart','Ulrich','','Morges',NULL,'CH',5);
INSERT INTO INVENTOR (PATENTNUM, LASTNAME, FIRSTNAME, MIDNAME, CITY, POSTATE, COUNTRY, INVSEQ) VALUES (5537917,'Schiffer','Larry','W.','Manitowoc','WI','US',1);
INSERT INTO INVENTOR (PATENTNUM, LASTNAME, FIRSTNAME, MIDNAME, CITY, POSTATE, COUNTRY, INVSEQ) VALUES (5537917,'Muchin','Jay','Z.','Manitowoc','WI','US',2);
INSERT INTO INVENTOR (PATENTNUM, LASTNAME, FIRSTNAME, MIDNAME, CITY, POSTATE, COUNTRY, INVSEQ) VALUES (5537917,'Kuehl','Donald','C.','Manitowoc','WI','US',3);
INSERT INTO INVENTOR (PATENTNUM, LASTNAME, FIRSTNAME, MIDNAME, CITY, POSTATE, COUNTRY, INVSEQ) VALUES (5541221,'Garst','Michael','E.','Newport Beach','CA','US',1);
INSERT INTO INVENTOR (PATENTNUM, LASTNAME, FIRSTNAME, MIDNAME, CITY, POSTATE, COUNTRY, INVSEQ) VALUES (5549894,'Hunt','Terrence','J.','Moreno Valley','CA','US',1);
INSERT INTO INVENTOR (PATENTNUM, LASTNAME, FIRSTNAME, MIDNAME, CITY, POSTATE, COUNTRY, INVSEQ) VALUES (5552785,'Wilson','James','','Sharon','MA','US',1);
INSERT INTO INVENTOR (PATENTNUM, LASTNAME, FIRSTNAME, MIDNAME, CITY, POSTATE, COUNTRY, INVSEQ) VALUES (5552785,'Cellini','Ronald','A.','Newton','MA','US',2);
INSERT INTO INVENTOR (PATENTNUM, LASTNAME, FIRSTNAME, MIDNAME, CITY, POSTATE, COUNTRY, INVSEQ) VALUES (5568066,'Sharpe-Geisler','Bradley','A.','San Jose','CA','US',1);
INSERT INTO INVENTOR (PATENTNUM, LASTNAME, FIRSTNAME, MIDNAME, CITY, POSTATE, COUNTRY, INVSEQ) VALUES (5568066,'Fontana','Fabiano','','Santa Clara','CA','US',2);
INSERT INTO INVENTOR (PATENTNUM, LASTNAME, FIRSTNAME, MIDNAME, CITY, POSTATE, COUNTRY, INVSEQ) VALUES (5663469,'Krzystowczyk','Douglas','H.','Baton Rouge','LA','US',1);
INSERT INTO INVENTOR (PATENTNUM, LASTNAME, FIRSTNAME, MIDNAME, CITY, POSTATE, COUNTRY, INVSEQ) VALUES (5663469,'Lin','Kaung-Far','','Baton Rouge','LA','US',2);
INSERT INTO INVENTOR (PATENTNUM, LASTNAME, FIRSTNAME, MIDNAME, CITY, POSTATE, COUNTRY, INVSEQ) VALUES (5666773,'Librande','Charles','J.','Shell Lake','WI','US',1);
INSERT INTO INVENTOR (PATENTNUM, LASTNAME, FIRSTNAME, MIDNAME, CITY, POSTATE, COUNTRY, INVSEQ) VALUES (5666773,'Jensen','Brian','A.','Rice Lake','WI','US',2);
INSERT INTO INVENTOR (PATENTNUM, LASTNAME, FIRSTNAME, MIDNAME, CITY, POSTATE, COUNTRY, INVSEQ) VALUES (5666773,'Bruchu','Todd','W.','Lake Elmo','MN','US',3);
INSERT INTO INVENTOR (PATENTNUM, LASTNAME, FIRSTNAME, MIDNAME, CITY, POSTATE, COUNTRY, INVSEQ) VALUES (5666773,'Lynn','Jeffrey','M.','Marine on St. Croix','MN','US',4);
INSERT INTO INVENTOR (PATENTNUM, LASTNAME, FIRSTNAME, MIDNAME, CITY, POSTATE, COUNTRY, INVSEQ) VALUES (5675033,'Vuligonda','Vidyasagar','','Irvine','CA','US',1);
INSERT INTO INVENTOR (PATENTNUM, LASTNAME, FIRSTNAME, MIDNAME, CITY, POSTATE, COUNTRY, INVSEQ) VALUES (5675033,'Chandraratna','Roshantha','A.','Mission Viejo','CA','US',2);
INSERT INTO INVENTOR (PATENTNUM, LASTNAME, FIRSTNAME, MIDNAME, CITY, POSTATE, COUNTRY, INVSEQ) VALUES (5706008,'Huntley','Roger','B.','Greensboro','NC','US',1);
INSERT INTO INVENTOR (PATENTNUM, LASTNAME, FIRSTNAME, MIDNAME, CITY, POSTATE, COUNTRY, INVSEQ) VALUES (5706008,'Tice','Thomas','E.','Greensboro','NC','US',2);
INSERT INTO INVENTOR (PATENTNUM, LASTNAME, FIRSTNAME, MIDNAME, CITY, POSTATE, COUNTRY, INVSEQ) VALUES (5706008,'Lane','Charles','D.','Greensboro','NC','US',3);
INSERT INTO INVENTOR (PATENTNUM, LASTNAME, FIRSTNAME, MIDNAME, CITY, POSTATE, COUNTRY, INVSEQ) VALUES (5757220,'Murden','Franklin','M.','Greensboro','NC','US',1);
INSERT INTO INVENTOR (PATENTNUM, LASTNAME, FIRSTNAME, MIDNAME, CITY, POSTATE, COUNTRY, INVSEQ) VALUES (5757220,'Moreland','Carl','W.','Greensboro','NC','US',2);
INSERT INTO INVENTOR (PATENTNUM, LASTNAME, FIRSTNAME, MIDNAME, CITY, POSTATE, COUNTRY, INVSEQ) VALUES (5797694,'Breivik','Arne','Norris','Orlando','FL','US',1);
INSERT INTO INVENTOR (PATENTNUM, LASTNAME, FIRSTNAME, MIDNAME, CITY, POSTATE, COUNTRY, INVSEQ) VALUES (5810910,'Ludwig','Keith','Alan','Emmaus','PA','US',1);
INSERT INTO INVENTOR (PATENTNUM, LASTNAME, FIRSTNAME, MIDNAME, CITY, POSTATE, COUNTRY, INVSEQ) VALUES (5810910,'Coe','Charles','Gardner','Macungie','PA','US',2);
INSERT INTO INVENTOR (PATENTNUM, LASTNAME, FIRSTNAME, MIDNAME, CITY, POSTATE, COUNTRY, INVSEQ) VALUES (5810910,'MacDougall','James','Edward','New Tripoli','PA','US',3);
INSERT INTO INVENTOR (PATENTNUM, LASTNAME, FIRSTNAME, MIDNAME, CITY, POSTATE, COUNTRY, INVSEQ) VALUES (5810910,'Baumgartl','Arne','','Basingstoke',NULL,'GB',4);
INSERT INTO INVENTOR (PATENTNUM, LASTNAME, FIRSTNAME, MIDNAME, CITY, POSTATE, COUNTRY, INVSEQ) VALUES (5838168,'Petersen','Larry','W.','Pocatello','ID','US',1);
INSERT INTO INVENTOR (PATENTNUM, LASTNAME, FIRSTNAME, MIDNAME, CITY, POSTATE, COUNTRY, INVSEQ) VALUES (5850558,'Qureshi','Qadeer','A.','Round Rock','TX','US',1);
INSERT INTO INVENTOR (PATENTNUM, LASTNAME, FIRSTNAME, MIDNAME, CITY, POSTATE, COUNTRY, INVSEQ) VALUES (5850558,'Bailey','Joseph','A.','Austin','TX','US',2);
INSERT INTO INVENTOR (PATENTNUM, LASTNAME, FIRSTNAME, MIDNAME, CITY, POSTATE, COUNTRY, INVSEQ) VALUES (5850558,'Mudgett','Dan','S.','Austin','TX','US',3);

INSERT INTO PATENT (PAT_ID, GYEAR, ASSIGNEE, ASSCODE, CLAIMS, NCLASS, CAT, SUBCAT) VALUES (3861550,1975,19715,2,19,215,6,68);
INSERT INTO PATENT (PAT_ID, GYEAR, ASSIGNEE, ASSCODE, CLAIMS, NCLASS, CAT, SUBCAT) VALUES (3863202,1975,27915,2,16,367,2,21);
INSERT INTO PATENT (PAT_ID, GYEAR, ASSIGNEE, ASSCODE, CLAIMS, NCLASS, CAT, SUBCAT) VALUES (3873527,1975,25135,2,4,540,1,14);
INSERT INTO PATENT (PAT_ID, GYEAR, ASSIGNEE, ASSCODE, CLAIMS, NCLASS, CAT, SUBCAT) VALUES (3892525,1975,19715,2,2,428,6,69);
INSERT INTO PATENT (PAT_ID, GYEAR, ASSIGNEE, ASSCODE, CLAIMS, NCLASS, CAT, SUBCAT) VALUES (3911523,1975,29520,2,5,15,6,69);
INSERT INTO PATENT (PAT_ID, GYEAR, ASSIGNEE, ASSCODE, CLAIMS, NCLASS, CAT, SUBCAT) VALUES (3914414,1975,735,2,1,514,3,31);
INSERT INTO PATENT (PAT_ID, GYEAR, ASSIGNEE, ASSCODE, CLAIMS, NCLASS, CAT, SUBCAT) VALUES (3934238,1976,23035,2,13,340,2,21);
INSERT INTO PATENT (PAT_ID, GYEAR, ASSIGNEE, ASSCODE, CLAIMS, NCLASS, CAT, SUBCAT) VALUES (3982146,1976,12710,2,7,310,4,45);
INSERT INTO PATENT (PAT_ID, GYEAR, ASSIGNEE, ASSCODE, CLAIMS, NCLASS, CAT, SUBCAT) VALUES (4012708,1977,1045,2,11,337,4,41);
INSERT INTO PATENT (PAT_ID, GYEAR, ASSIGNEE, ASSCODE, CLAIMS, NCLASS, CAT, SUBCAT) VALUES (4021794,1977,13465,2,20,340,2,21);
INSERT INTO PATENT (PAT_ID, GYEAR, ASSIGNEE, ASSCODE, CLAIMS, NCLASS, CAT, SUBCAT) VALUES (4029228,1977,19845,2,2,414,5,51);
INSERT INTO PATENT (PAT_ID, GYEAR, ASSIGNEE, ASSCODE, CLAIMS, NCLASS, CAT, SUBCAT) VALUES (4044096,1977,22995,2,11,423,1,19);
INSERT INTO PATENT (PAT_ID, GYEAR, ASSIGNEE, ASSCODE, CLAIMS, NCLASS, CAT, SUBCAT) VALUES (4048226,1977,24425,2,2,564,1,14);
INSERT INTO PATENT (PAT_ID, GYEAR, ASSIGNEE, ASSCODE, CLAIMS, NCLASS, CAT, SUBCAT) VALUES (4063094,1977,26610,2,10,250,4,44);
INSERT INTO PATENT (PAT_ID, GYEAR, ASSIGNEE, ASSCODE, CLAIMS, NCLASS, CAT, SUBCAT) VALUES (4064333,1977,24425,2,6,526,1,15);
INSERT INTO PATENT (PAT_ID, GYEAR, ASSIGNEE, ASSCODE, CLAIMS, NCLASS, CAT, SUBCAT) VALUES (4081266,1978,11420,2,12,71,1,11);
INSERT INTO PATENT (PAT_ID, GYEAR, ASSIGNEE, ASSCODE, CLAIMS, NCLASS, CAT, SUBCAT) VALUES (4115545,1978,22715,2,2,424,3,31);
INSERT INTO PATENT (PAT_ID, GYEAR, ASSIGNEE, ASSCODE, CLAIMS, NCLASS, CAT, SUBCAT) VALUES (4138673,1979,945,2,16,340,2,21);
INSERT INTO PATENT (PAT_ID, GYEAR, ASSIGNEE, ASSCODE, CLAIMS, NCLASS, CAT, SUBCAT) VALUES (4169648,1979,28145,2,10,439,4,41);
INSERT INTO PATENT (PAT_ID, GYEAR, ASSIGNEE, ASSCODE, CLAIMS, NCLASS, CAT, SUBCAT) VALUES (4210948,1980,18965,2,5,361,4,45);
INSERT INTO PATENT (PAT_ID, GYEAR, ASSIGNEE, ASSCODE, CLAIMS, NCLASS, CAT, SUBCAT) VALUES (4226642,1980,26640,2,20,134,6,69);
INSERT INTO PATENT (PAT_ID, GYEAR, ASSIGNEE, ASSCODE, CLAIMS, NCLASS, CAT, SUBCAT) VALUES (4247705,1981,12260,2,31,548,1,14);
INSERT INTO PATENT (PAT_ID, GYEAR, ASSIGNEE, ASSCODE, CLAIMS, NCLASS, CAT, SUBCAT) VALUES (4253900,1981,19715,2,11,156,1,19);
INSERT INTO PATENT (PAT_ID, GYEAR, ASSIGNEE, ASSCODE, CLAIMS, NCLASS, CAT, SUBCAT) VALUES (4262986,1981,28145,2,2,439,4,41);
INSERT INTO PATENT (PAT_ID, GYEAR, ASSIGNEE, ASSCODE, CLAIMS, NCLASS, CAT, SUBCAT) VALUES (4275789,1981,27895,2,16,166,6,64);
INSERT INTO PATENT (PAT_ID, GYEAR, ASSIGNEE, ASSCODE, CLAIMS, NCLASS, CAT, SUBCAT) VALUES (4288592,1981,24425,2,9,544,1,14);
INSERT INTO PATENT (PAT_ID, GYEAR, ASSIGNEE, ASSCODE, CLAIMS, NCLASS, CAT, SUBCAT) VALUES (4300982,1981,16365,2,4,162,1,19);
INSERT INTO PATENT (PAT_ID, GYEAR, ASSIGNEE, ASSCODE, CLAIMS, NCLASS, CAT, SUBCAT) VALUES (4305938,1981,735,2,34,514,3,31);
INSERT INTO PATENT (PAT_ID, GYEAR, ASSIGNEE, ASSCODE, CLAIMS, NCLASS, CAT, SUBCAT) VALUES (4324110,1982,13570,2,3,62,6,69);
INSERT INTO PATENT (PAT_ID, GYEAR, ASSIGNEE, ASSCODE, CLAIMS, NCLASS, CAT, SUBCAT) VALUES (4349303,1982,30380,2,11,410,5,55);
INSERT INTO PATENT (PAT_ID, GYEAR, ASSIGNEE, ASSCODE, CLAIMS, NCLASS, CAT, SUBCAT) VALUES (4403819,1983,28145,2,4,439,4,41);
INSERT INTO PATENT (PAT_ID, GYEAR, ASSIGNEE, ASSCODE, CLAIMS, NCLASS, CAT, SUBCAT) VALUES (4405058,1983,24145,2,5,220,6,68);
INSERT INTO PATENT (PAT_ID, GYEAR, ASSIGNEE, ASSCODE, CLAIMS, NCLASS, CAT, SUBCAT) VALUES (4412079,1983,13570,2,5,548,1,14);
INSERT INTO PATENT (PAT_ID, GYEAR, ASSIGNEE, ASSCODE, CLAIMS, NCLASS, CAT, SUBCAT) VALUES (4424056,1984,22715,2,38,604,3,32);
INSERT INTO PATENT (PAT_ID, GYEAR, ASSIGNEE, ASSCODE, CLAIMS, NCLASS, CAT, SUBCAT) VALUES (4448010,1984,29495,2,31,53,6,68);
INSERT INTO PATENT (PAT_ID, GYEAR, ASSIGNEE, ASSCODE, CLAIMS, NCLASS, CAT, SUBCAT) VALUES (4453792,1984,28145,2,2,439,4,41);
INSERT INTO PATENT (PAT_ID, GYEAR, ASSIGNEE, ASSCODE, CLAIMS, NCLASS, CAT, SUBCAT) VALUES (4454618,1984,27465,2,37,12,6,63);
INSERT INTO PATENT (PAT_ID, GYEAR, ASSIGNEE, ASSCODE, CLAIMS, NCLASS, CAT, SUBCAT) VALUES (4463291,1984,29315,2,20,318,4,45);
INSERT INTO PATENT (PAT_ID, GYEAR, ASSIGNEE, ASSCODE, CLAIMS, NCLASS, CAT, SUBCAT) VALUES (4481876,1984,18065,2,5,100,5,59);
INSERT INTO PATENT (PAT_ID, GYEAR, ASSIGNEE, ASSCODE, CLAIMS, NCLASS, CAT, SUBCAT) VALUES (4497983,1985,28145,2,18,200,4,41);
INSERT INTO PATENT (PAT_ID, GYEAR, ASSIGNEE, ASSCODE, CLAIMS, NCLASS, CAT, SUBCAT) VALUES (4533088,1985,26220,2,5,241,5,51);
INSERT INTO PATENT (PAT_ID, GYEAR, ASSIGNEE, ASSCODE, CLAIMS, NCLASS, CAT, SUBCAT) VALUES (4567780,1986,25150,2,18,73,4,43);
INSERT INTO PATENT (PAT_ID, GYEAR, ASSIGNEE, ASSCODE, CLAIMS, NCLASS, CAT, SUBCAT) VALUES (4573562,1986,20490,2,13,192,5,53);
INSERT INTO PATENT (PAT_ID, GYEAR, ASSIGNEE, ASSCODE, CLAIMS, NCLASS, CAT, SUBCAT) VALUES (4579757,1986,24145,2,52,428,6,69);
INSERT INTO PATENT (PAT_ID, GYEAR, ASSIGNEE, ASSCODE, CLAIMS, NCLASS, CAT, SUBCAT) VALUES (4603298,1986,19715,2,14,327,4,41);
INSERT INTO PATENT (PAT_ID, GYEAR, ASSIGNEE, ASSCODE, CLAIMS, NCLASS, CAT, SUBCAT) VALUES (4633447,1986,27895,2,24,367,2,21);
INSERT INTO PATENT (PAT_ID, GYEAR, ASSIGNEE, ASSCODE, CLAIMS, NCLASS, CAT, SUBCAT) VALUES (4642946,1987,6540,2,17,52,6,69);
INSERT INTO PATENT (PAT_ID, GYEAR, ASSIGNEE, ASSCODE, CLAIMS, NCLASS, CAT, SUBCAT) VALUES (4643359,1987,19715,2,41,239,5,59);
INSERT INTO PATENT (PAT_ID, GYEAR, ASSIGNEE, ASSCODE, CLAIMS, NCLASS, CAT, SUBCAT) VALUES (4647076,1987,28505,2,8,285,6,67);
INSERT INTO PATENT (PAT_ID, GYEAR, ASSIGNEE, ASSCODE, CLAIMS, NCLASS, CAT, SUBCAT) VALUES (4670617,1987,27895,2,20,585,1,19);
INSERT INTO PATENT (PAT_ID, GYEAR, ASSIGNEE, ASSCODE, CLAIMS, NCLASS, CAT, SUBCAT) VALUES (4696223,1987,26610,2,2,92,5,53);
INSERT INTO PATENT (PAT_ID, GYEAR, ASSIGNEE, ASSCODE, CLAIMS, NCLASS, CAT, SUBCAT) VALUES (4713569,1987,9580,2,4,310,4,45);
INSERT INTO PATENT (PAT_ID, GYEAR, ASSIGNEE, ASSCODE, CLAIMS, NCLASS, CAT, SUBCAT) VALUES (4715221,1987,6955,2,4,73,4,43);
INSERT INTO PATENT (PAT_ID, GYEAR, ASSIGNEE, ASSCODE, CLAIMS, NCLASS, CAT, SUBCAT) VALUES (4717699,1988,24280,2,32,502,1,19);
INSERT INTO PATENT (PAT_ID, GYEAR, ASSIGNEE, ASSCODE, CLAIMS, NCLASS, CAT, SUBCAT) VALUES (4754043,1988,25135,2,2,548,1,14);
INSERT INTO PATENT (PAT_ID, GYEAR, ASSIGNEE, ASSCODE, CLAIMS, NCLASS, CAT, SUBCAT) VALUES (4773867,1988,28145,2,7,439,4,41);
INSERT INTO PATENT (PAT_ID, GYEAR, ASSIGNEE, ASSCODE, CLAIMS, NCLASS, CAT, SUBCAT) VALUES (4775106,1988,22995,2,5,241,5,51);
INSERT INTO PATENT (PAT_ID, GYEAR, ASSIGNEE, ASSCODE, CLAIMS, NCLASS, CAT, SUBCAT) VALUES (4779236,1988,27895,2,9,367,2,21);
INSERT INTO PATENT (PAT_ID, GYEAR, ASSIGNEE, ASSCODE, CLAIMS, NCLASS, CAT, SUBCAT) VALUES (4781714,1988,22715,2,14,604,3,32);
INSERT INTO PATENT (PAT_ID, GYEAR, ASSIGNEE, ASSCODE, CLAIMS, NCLASS, CAT, SUBCAT) VALUES (4798234,1989,6955,2,7,141,5,51);
INSERT INTO PATENT (PAT_ID, GYEAR, ASSIGNEE, ASSCODE, CLAIMS, NCLASS, CAT, SUBCAT) VALUES (4812276,1989,19715,2,19,264,5,51);
INSERT INTO PATENT (PAT_ID, GYEAR, ASSIGNEE, ASSCODE, CLAIMS, NCLASS, CAT, SUBCAT) VALUES (4813102,1989,5015,2,8,452,6,61);
INSERT INTO PATENT (PAT_ID, GYEAR, ASSIGNEE, ASSCODE, CLAIMS, NCLASS, CAT, SUBCAT) VALUES (4838295,1989,13660,2,2,137,6,69);
INSERT INTO PATENT (PAT_ID, GYEAR, ASSIGNEE, ASSCODE, CLAIMS, NCLASS, CAT, SUBCAT) VALUES (4847381,1989,24425,2,9,546,1,14);
INSERT INTO PATENT (PAT_ID, GYEAR, ASSIGNEE, ASSCODE, CLAIMS, NCLASS, CAT, SUBCAT) VALUES (4849446,1989,24425,2,13,514,3,31);
INSERT INTO PATENT (PAT_ID, GYEAR, ASSIGNEE, ASSCODE, CLAIMS, NCLASS, CAT, SUBCAT) VALUES (4862662,1989,21325,2,13,52,6,69);
INSERT INTO PATENT (PAT_ID, GYEAR, ASSIGNEE, ASSCODE, CLAIMS, NCLASS, CAT, SUBCAT) VALUES (4875465,1989,32095,2,7,126,6,66);
INSERT INTO PATENT (PAT_ID, GYEAR, ASSIGNEE, ASSCODE, CLAIMS, NCLASS, CAT, SUBCAT) VALUES (4935350,1990,27520,2,21,435,3,33);
INSERT INTO PATENT (PAT_ID, GYEAR, ASSIGNEE, ASSCODE, CLAIMS, NCLASS, CAT, SUBCAT) VALUES (4968803,1990,19715,2,20,546,1,14);
INSERT INTO PATENT (PAT_ID, GYEAR, ASSIGNEE, ASSCODE, CLAIMS, NCLASS, CAT, SUBCAT) VALUES (4991105,1991,3780,2,29,702,2,22);
INSERT INTO PATENT (PAT_ID, GYEAR, ASSIGNEE, ASSCODE, CLAIMS, NCLASS, CAT, SUBCAT) VALUES (4993170,1991,18895,2,12,33,6,69);
INSERT INTO PATENT (PAT_ID, GYEAR, ASSIGNEE, ASSCODE, CLAIMS, NCLASS, CAT, SUBCAT) VALUES (5015885,1991,5310,2,39,326,4,46);
INSERT INTO PATENT (PAT_ID, GYEAR, ASSIGNEE, ASSCODE, CLAIMS, NCLASS, CAT, SUBCAT) VALUES (5030340,1991,24425,2,16,209,5,51);
INSERT INTO PATENT (PAT_ID, GYEAR, ASSIGNEE, ASSCODE, CLAIMS, NCLASS, CAT, SUBCAT) VALUES (5031992,1991,28105,2,18,385,2,21);
INSERT INTO PATENT (PAT_ID, GYEAR, ASSIGNEE, ASSCODE, CLAIMS, NCLASS, CAT, SUBCAT) VALUES (5041491,1991,27895,2,13,524,1,15);
INSERT INTO PATENT (PAT_ID, GYEAR, ASSIGNEE, ASSCODE, CLAIMS, NCLASS, CAT, SUBCAT) VALUES (5048925,1991,7705,2,10,359,5,54);
INSERT INTO PATENT (PAT_ID, GYEAR, ASSIGNEE, ASSCODE, CLAIMS, NCLASS, CAT, SUBCAT) VALUES (5054707,1991,25835,2,37,242,5,51);
INSERT INTO PATENT (PAT_ID, GYEAR, ASSIGNEE, ASSCODE, CLAIMS, NCLASS, CAT, SUBCAT) VALUES (5069575,1991,29525,2,4,441,6,69);
INSERT INTO PATENT (PAT_ID, GYEAR, ASSIGNEE, ASSCODE, CLAIMS, NCLASS, CAT, SUBCAT) VALUES (5088160,1992,28291,2,5,24,6,63);
INSERT INTO PATENT (PAT_ID, GYEAR, ASSIGNEE, ASSCODE, CLAIMS, NCLASS, CAT, SUBCAT) VALUES (5091464,1992,27895,2,4,524,1,15);
INSERT INTO PATENT (PAT_ID, GYEAR, ASSIGNEE, ASSCODE, CLAIMS, NCLASS, CAT, SUBCAT) VALUES (5112527,1992,27895,2,30,252,1,19);
INSERT INTO PATENT (PAT_ID, GYEAR, ASSIGNEE, ASSCODE, CLAIMS, NCLASS, CAT, SUBCAT) VALUES (5130286,1992,27895,2,20,502,1,19);
INSERT INTO PATENT (PAT_ID, GYEAR, ASSIGNEE, ASSCODE, CLAIMS, NCLASS, CAT, SUBCAT) VALUES (5183150,1993,19715,2,21,198,5,59);
INSERT INTO PATENT (PAT_ID, GYEAR, ASSIGNEE, ASSCODE, CLAIMS, NCLASS, CAT, SUBCAT) VALUES (5205452,1993,19655,2,12,224,6,68);
INSERT INTO PATENT (PAT_ID, GYEAR, ASSIGNEE, ASSCODE, CLAIMS, NCLASS, CAT, SUBCAT) VALUES (5206278,1993,13570,2,21,524,1,15);
INSERT INTO PATENT (PAT_ID, GYEAR, ASSIGNEE, ASSCODE, CLAIMS, NCLASS, CAT, SUBCAT) VALUES (5222385,1993,25835,2,27,72,5,52);
INSERT INTO PATENT (PAT_ID, GYEAR, ASSIGNEE, ASSCODE, CLAIMS, NCLASS, CAT, SUBCAT) VALUES (5240970,1993,13570,2,6,521,1,15);
INSERT INTO PATENT (PAT_ID, GYEAR, ASSIGNEE, ASSCODE, CLAIMS, NCLASS, CAT, SUBCAT) VALUES (5270293,1993,18220,2,2,505,4,46);
INSERT INTO PATENT (PAT_ID, GYEAR, ASSIGNEE, ASSCODE, CLAIMS, NCLASS, CAT, SUBCAT) VALUES (5285161,1994,8120,2,22,324,4,43);
INSERT INTO PATENT (PAT_ID, GYEAR, ASSIGNEE, ASSCODE, CLAIMS, NCLASS, CAT, SUBCAT) VALUES (5294247,1994,13570,2,27,95,1,13);
INSERT INTO PATENT (PAT_ID, GYEAR, ASSIGNEE, ASSCODE, CLAIMS, NCLASS, CAT, SUBCAT) VALUES (5307463,1994,18965,2,8,710,2,22);
INSERT INTO PATENT (PAT_ID, GYEAR, ASSIGNEE, ASSCODE, CLAIMS, NCLASS, CAT, SUBCAT) VALUES (5312832,1994,19170,2,4,524,1,15);
INSERT INTO PATENT (PAT_ID, GYEAR, ASSIGNEE, ASSCODE, CLAIMS, NCLASS, CAT, SUBCAT) VALUES (5319027,1994,13570,2,9,525,1,15);
INSERT INTO PATENT (PAT_ID, GYEAR, ASSIGNEE, ASSCODE, CLAIMS, NCLASS, CAT, SUBCAT) VALUES (5328939,1994,19715,2,7,521,1,15);
INSERT INTO PATENT (PAT_ID, GYEAR, ASSIGNEE, ASSCODE, CLAIMS, NCLASS, CAT, SUBCAT) VALUES (5342981,1994,735,2,8,556,1,14);
INSERT INTO PATENT (PAT_ID, GYEAR, ASSIGNEE, ASSCODE, CLAIMS, NCLASS, CAT, SUBCAT) VALUES (5359088,1994,735,2,1,548,1,14);
INSERT INTO PATENT (PAT_ID, GYEAR, ASSIGNEE, ASSCODE, CLAIMS, NCLASS, CAT, SUBCAT) VALUES (5367761,1994,10835,2,8,29,5,52);
INSERT INTO PATENT (PAT_ID, GYEAR, ASSIGNEE, ASSCODE, CLAIMS, NCLASS, CAT, SUBCAT) VALUES (5416908,1995,18965,2,8,710,2,22);
INSERT INTO PATENT (PAT_ID, GYEAR, ASSIGNEE, ASSCODE, CLAIMS, NCLASS, CAT, SUBCAT) VALUES (5421451,1995,22645,2,8,198,5,59);
INSERT INTO PATENT (PAT_ID, GYEAR, ASSIGNEE, ASSCODE, CLAIMS, NCLASS, CAT, SUBCAT) VALUES (5423929,1995,19170,2,19,156,1,19);
INSERT INTO PATENT (PAT_ID, GYEAR, ASSIGNEE, ASSCODE, CLAIMS, NCLASS, CAT, SUBCAT) VALUES (5432189,1995,24425,2,15,514,3,31);
INSERT INTO PATENT (PAT_ID, GYEAR, ASSIGNEE, ASSCODE, CLAIMS, NCLASS, CAT, SUBCAT) VALUES (5507768,1996,7400,2,15,623,3,39);
INSERT INTO PATENT (PAT_ID, GYEAR, ASSIGNEE, ASSCODE, CLAIMS, NCLASS, CAT, SUBCAT) VALUES (5537917,1996,29135,2,4,99,6,61);
INSERT INTO PATENT (PAT_ID, GYEAR, ASSIGNEE, ASSCODE, CLAIMS, NCLASS, CAT, SUBCAT) VALUES (5541221,1996,19170,2,6,514,3,31);
INSERT INTO PATENT (PAT_ID, GYEAR, ASSIGNEE, ASSCODE, CLAIMS, NCLASS, CAT, SUBCAT) VALUES (5549894,1996,19170,2,17,424,3,31);
INSERT INTO PATENT (PAT_ID, GYEAR, ASSIGNEE, ASSCODE, CLAIMS, NCLASS, CAT, SUBCAT) VALUES (5552785,1996,28725,2,9,341,2,22);
INSERT INTO PATENT (PAT_ID, GYEAR, ASSIGNEE, ASSCODE, CLAIMS, NCLASS, CAT, SUBCAT) VALUES (5568066,1996,8075,2,21,326,4,46);
INSERT INTO PATENT (PAT_ID, GYEAR, ASSIGNEE, ASSCODE, CLAIMS, NCLASS, CAT, SUBCAT) VALUES (5663469,1997,27895,2,36,585,1,19);
INSERT INTO PATENT (PAT_ID, GYEAR, ASSIGNEE, ASSCODE, CLAIMS, NCLASS, CAT, SUBCAT) VALUES (5666773,1997,29395,2,16,52,6,69);
INSERT INTO PATENT (PAT_ID, GYEAR, ASSIGNEE, ASSCODE, CLAIMS, NCLASS, CAT, SUBCAT) VALUES (5675033,1997,19170,2,14,560,1,14);
INSERT INTO PATENT (PAT_ID, GYEAR, ASSIGNEE, ASSCODE, CLAIMS, NCLASS, CAT, SUBCAT) VALUES (5706008,1998,28725,2,18,341,2,22);
INSERT INTO PATENT (PAT_ID, GYEAR, ASSIGNEE, ASSCODE, CLAIMS, NCLASS, CAT, SUBCAT) VALUES (5757220,1998,28725,2,9,327,4,41);
INSERT INTO PATENT (PAT_ID, GYEAR, ASSIGNEE, ASSCODE, CLAIMS, NCLASS, CAT, SUBCAT) VALUES (5797694,1998,21325,2,3,403,6,67);
INSERT INTO PATENT (PAT_ID, GYEAR, ASSIGNEE, ASSCODE, CLAIMS, NCLASS, CAT, SUBCAT) VALUES (5810910,1998,13570,2,18,95,1,13);
INSERT INTO PATENT (PAT_ID, GYEAR, ASSIGNEE, ASSCODE, CLAIMS, NCLASS, CAT, SUBCAT) VALUES (5838168,1998,25720,2,28,326,4,46);
INSERT INTO PATENT (PAT_ID, GYEAR, ASSIGNEE, ASSCODE, CLAIMS, NCLASS, CAT, SUBCAT) VALUES (5850558,1998,8075,2,15,710,2,22);

